CODIGO,DEPARTAMENTO,MUNICIPIO,ESTABLECIMIENTO,DIRECCION,AREA,SECTOR,razon
16-01-0139-45,ALTA VERAPAZ,COBAN,COLEGIO PARTICULAR MIXTO VERAPAZ,KM 209.5 ENTRADA A LA CIUDAD,URBANA,PRIVADO,URBANA_KM_SIN_CONTEXTO
16-01-0409-45,ALTA VERAPAZ,COBAN,INEB,EL ESFUERZO I,RURAL,OFICIAL,SIN_TOKENS
16-01-0455-45,ALTA VERAPAZ,COBAN,INEB DE TELESECUNDARIA,LOTIFICACION GUALOM SA XYANQTZUUL,RURAL,OFICIAL,SIN_TOKENS
16-01-1010-45,ALTA VERAPAZ,COBAN,AMI INTERNATIONAL SCHOOL,KM. 222.3 ALDEA SIGUANHÁ,URBANA,PRIVADO,URBANA_KM_SIN_CONTEXTO
16-01-8485-45,ALTA VERAPAZ,COBAN,INEB DE TELESECUNDARIA,LOTIFICACIÓN CHAJCHUCUB,RURAL,OFICIAL,SIN_TOKENS
16-04-8338-45,ALTA VERAPAZ,TACTIC,COLEGIO PRIVADO MIXTO LA ENSEÑANZA,12 AVENIDA A 4-30 ZONA 3,RURAL,PRIVADO,RURAL_CON_ZONA_NUM
16-05-0015-45,ALTA VERAPAZ,TAMAHU,INEB,JOSE JUAQUIN PALMA,RURAL,OFICIAL,SIN_TOKENS
16-06-0094-45,ALTA VERAPAZ,SAN MIGUEL TUCURU,INSTITUTO NACIONAL DE EDUCACIÓN BASICA TELESECUNDARIA,SEPILAPEC BELLA VISTA,RURAL,OFICIAL,SIN_TOKENS
16-07-0115-45,ALTA VERAPAZ,PANZOS,INEB,BARRIO EL CENTRO,RURAL,OFICIAL,RURAL_SOLO_TOKENS_URBANOS
16-07-0251-45,ALTA VERAPAZ,PANZOS,COLEGIO PRIVADO MIXTO JUAN AMOS COMENIO,COLONIA SANTA ISABEL,RURAL,PRIVADO,RURAL_SOLO_TOKENS_URBANOS
16-08-0138-45,ALTA VERAPAZ,SENAHU,INEB DE TELESECUNDARIA,COOPERATIVA CHIREAJ,RURAL,OFICIAL,SIN_TOKENS
16-08-0228-45,ALTA VERAPAZ,SENAHU,IEBC INSTITUTO DE EDUCACIÓN BÁSICA POR COOPERATIVA DE ENSEÑANZA,COLONIA BELLA VISTA SESOCH,RURAL,COOPERATIVA,RURAL_SOLO_TOKENS_URBANOS
16-09-0826-45,ALTA VERAPAZ,SAN PEDRO CARCHA,INSTITUTO NACIONAL DE EDUCACIÓN BÁSICA DE TELESECUNDARIA,SEHUBUB CHIQUIXJI,RURAL,OFICIAL,SIN_TOKENS
16-10-0073-45,ALTA VERAPAZ,SAN JUAN CHAMELCO,LICEO GUATEMALTECO VERAPACENSE,BARRRIO RESURRECCIÓN,URBANA,PRIVADO,SIN_TOKENS
16-10-0804-45,ALTA VERAPAZ,SAN JUAN CHAMELCO,INSTITUTO DE EDUCACION BASICA POR EL SISTEMA DE COOPERATIVA DE ENSEÑANZA,FINCA MUNICIPAL SESIBCHE,URBANA,COOPERATIVA,URBANA_SIN_EVIDENCIA
16-11-0022-45,ALTA VERAPAZ,LANQUIN,INEB,BARRIO SAN NICOLAS,RURAL,OFICIAL,RURAL_SOLO_TOKENS_URBANOS
16-12-0196-45,ALTA VERAPAZ,SANTA MARIA CAHABON,INSTITUTO MIXTO PARTICULAR RICARDO ARJONA,BARRIO SAN JUAN 02,RURAL,PRIVADO,RURAL_SOLO_TOKENS_URBANOS
16-13-0221-45,ALTA VERAPAZ,CHISEC,COLEGIO CRISTIANO GALILEA,PARCELA 1 COMUNIDAD SAN SIMON II,URBANA,PRIVADO,URBANA_SIN_EVIDENCIA
16-13-0268-45,ALTA VERAPAZ,CHISEC,CENTRO DE EDUCACIÓN EXTRAESCOLAR,CHISEC,RURAL,OFICIAL,LONGITUD_INSUFICIENTE
16-14-1219-45,ALTA VERAPAZ,CHAHAL,INSTITUTO DE EDUCACION BASICA POR COOPERATIVA DE ENSEÑANZA,BARRIO SANTO DOMINGO,RURAL,COOPERATIVA,RURAL_SOLO_TOKENS_URBANOS
16-14-2278-45,ALTA VERAPAZ,CHAHAL,INSTITUTO TECNICO VOCACIONAL SAN AGUSTIN,ALDEA SAN AGUSTIN CHAHAL VIEJO,URBANA,PRIVADO,URBANA_SIN_EVIDENCIA
16-15-1428-45,ALTA VERAPAZ,FRAY BARTOLOME DE LAS CASAS,COLEGIO PARTICULAR MIXTO BAUTISTA,ALDEA EL NARANJAL,URBANA,PRIVADO,URBANA_SIN_EVIDENCIA
16-17-0068-45,ALTA VERAPAZ,RAXRUHA,INSTITUTO DE EDUCACION BASICA POR COOPERATIVA DE ENSEÑANZA,BARRIO SANTA MARIA,RURAL,COOPERATIVA,RURAL_SOLO_TOKENS_URBANOS
16-01-0139-46,ALTA VERAPAZ,COBAN,COLEGIO PARTICULAR MIXTO VERAPAZ,KM 209.5 ENTRADA A LA CIUDAD,URBANA,PRIVADO,URBANA_KM_SIN_CONTEXTO
16-01-0609-46,ALTA VERAPAZ,COBAN,INSTITUTO MIXTO DE EDUCACION BILINGUE INTERCULTURAL -IMEBI-,LOTIFICACION CHIVENCORRAL,URBANA,PRIVADO,SIN_TOKENS
16-01-0612-46,ALTA VERAPAZ,COBAN,INSTITUTO DE MAGISTERIO DE EDUCACION PREPRIMARIA INFANTIL BILINGUE INTERCULTURAL LUZ DEL SABER,"CALZADA RABIN AJAU, ZONA 1",RURAL,PRIVADO,RURAL_CON_ZONA_NUM
16-01-0705-46,ALTA VERAPAZ,COBAN,PROGRAMA NACIONAL DE EDUCACIÓN ALTERNATIVA PRONEA,7A. AV. 2-18 D ZONA 1,RURAL,OFICIAL,RURAL_CON_ZONA_NUM
16-01-0997-46,ALTA VERAPAZ,COBAN,CENTRO EDUCATIVO BETANIA,SAN BENITO I,RURAL,PRIVADO,SIN_TOKENS
16-01-9897-46,ALTA VERAPAZ,COBAN,COLEGIO PARTICULAR MIXTO VERAPAZ,KM.209.5 ENTRADA A COBAN,URBANA,PRIVADO,URBANA_KM_SIN_CONTEXTO
16-02-0013-46,ALTA VERAPAZ,SANTA CRUZ VERAPAZ,INSTITUTO NACIONAL DE EDUCACION DIVERSIFICADA,BARRIO SANTA ELENA,RURAL,OFICIAL,RURAL_SOLO_TOKENS_URBANOS
16-03-0036-46,ALTA VERAPAZ,SAN CRISTOBAL VERAPAZ,INSTITUTO NACIONAL DE EDUCACION DIVERSIFICADA,BARRIO CHIYUC,RURAL,OFICIAL,RURAL_SOLO_TOKENS_URBANOS
16-03-0158-46,ALTA VERAPAZ,SAN CRISTOBAL VERAPAZ,CENTRO DE EDUCACIÓN EXTRAESCOLAR -CEEX-,COLONIA PANTOCÁN,RURAL,PRIVADO,RURAL_SOLO_TOKENS_URBANOS
16-04-0062-46,ALTA VERAPAZ,TACTIC,INSTITUTO NACIONAL DE EDUCACION DIVERSIFICADA,CANTON CHIJACORRAL,URBANA,OFICIAL,URBANA_SIN_EVIDENCIA
16-04-8322-46,ALTA VERAPAZ,TACTIC,COLEGIO PRIVADO MIXTO LA ENSEÑANZA,12 AV. 4-30 ZONA 3,RURAL,PRIVADO,RURAL_CON_ZONA_NUM
16-05-0017-46,ALTA VERAPAZ,TAMAHU,INSTITUTO NACIONAL DE EDUCACION DIVERSIFICADA,TAMAHU,URBANA,OFICIAL,LONGITUD_INSUFICIENTE
16-06-2398-46,ALTA VERAPAZ,SAN MIGUEL TUCURU,INSTITUTO PRIVADO MIXTO DE MAGISTERIO BILINGUE TUKUR,CANTON LA PLAYA,URBANA,PRIVADO,URBANA_SIN_EVIDENCIA
16-07-0117-46,ALTA VERAPAZ,PANZOS,INSTITUTO NACIONAL DE EDUCACION DIVERSIFICADA,BARRIO SAN JUAN,RURAL,OFICIAL,RURAL_SOLO_TOKENS_URBANOS
16-07-0194-46,ALTA VERAPAZ,PANZOS,COLEGIO PRIVADO MIXTO JUAN AMOS COMENIO,BARRIO SAN SEBASTIAN,RURAL,PRIVADO,RURAL_SOLO_TOKENS_URBANOS
16-07-0195-46,ALTA VERAPAZ,PANZOS,COLEGIO PRIVADO MIXTO JUAN AMOS COMENIO,BARRIO SAN SEBASTIAN,RURAL,PRIVADO,RURAL_SOLO_TOKENS_URBANOS
16-07-0211-46,ALTA VERAPAZ,PANZOS,CENTRO DE EDUCACIÓN EXTRAESCOLAR -CEEX-,"BARRIO LA ESCUELA, TELEMAN",RURAL,PRIVADO,RURAL_SOLO_TOKENS_URBANOS
16-07-0252-46,ALTA VERAPAZ,PANZOS,COLEGIO PRIVADO MIXTO JUAN AMOS COMENIO,COLONIA SANTA ISABEL,RURAL,PRIVADO,RURAL_SOLO_TOKENS_URBANOS
16-07-0253-46,ALTA VERAPAZ,PANZOS,COLEGIO PRIVADO MIXTO JUAN AMOS COMENIO,COLONIA SANTA ISABEL,RURAL,PRIVADO,RURAL_SOLO_TOKENS_URBANOS
16-07-0255-46,ALTA VERAPAZ,PANZOS,INSTITUTO NACIONAL DE EDUCACION DIVERSIFICADA,ALDEA TELEMAN,URBANA,OFICIAL,URBANA_SIN_EVIDENCIA
16-07-9096-46,ALTA VERAPAZ,PANZOS,COLEGIO PRIVADO MIXTO JUAN AMOS COMENIO,BARRIO SAN SEBASTIAN,RURAL,PRIVADO,RURAL_SOLO_TOKENS_URBANOS
16-08-0204-46,ALTA VERAPAZ,SENAHU,INSTITUTO NACIONAL DE EDUCACION DIVERSIFICADA,COOPERATIVA CHIREAJ,RURAL,OFICIAL,SIN_TOKENS
16-08-0205-46,ALTA VERAPAZ,SENAHU,INSTITUTO NACIONAL DE EDUCACION DIVERSIFICADA,COOPERATIVA SANTA MARIA SAN MARCOS,RURAL,OFICIAL,SIN_TOKENS
16-08-0206-46,ALTA VERAPAZ,SENAHU,INSTITUTO NACIONAL DE EDUCACION DIVERSIFICADA,COOPERATIVA ACTELA,RURAL,OFICIAL,SIN_TOKENS
16-08-0209-46,ALTA VERAPAZ,SENAHU,INSTITUTO NACIONAL DE EDUCACION DIVERSIFICADA,COOPERATIVA SEMARAC I,RURAL,OFICIAL,SIN_TOKENS
16-09-0848-46,ALTA VERAPAZ,SAN PEDRO CARCHA,CENTRO DE EDUCACIÓN EXTRAESCOLAR,SAN PEDRO CARCHA,URBANA,OFICIAL,SIN_TOKENS
16-09-0855-46,ALTA VERAPAZ,SAN PEDRO CARCHA,CENTRO DE EDUCACIÓN EXTRAESCOLAR -CEEX-,"6TA. CALLE 3ERA. AVENIDA, ZONA 2",RURAL,PRIVADO,RURAL_CON_ZONA_NUM
16-10-1400-46,ALTA VERAPAZ,SAN JUAN CHAMELCO,INSTITUTO TECNICO EN RECURSOS NATURALES,FINCA MUNICIPAL CHIPAR,URBANA,PRIVADO,URBANA_SIN_EVIDENCIA
16-11-9092-46,ALTA VERAPAZ,LANQUIN,INSTITUTO MIXTO PRIVADO DE MAGISTERIO BILINGUE,CABECERA,URBANA,PRIVADO,LONGITUD_INSUFICIENTE
16-12-0125-46,ALTA VERAPAZ,SANTA MARIA CAHABON,INSTITUTO NACIONAL DE EDUCACION DIVERSIFICADA,BARRIO CENTRO,RURAL,OFICIAL,RURAL_SOLO_TOKENS_URBANOS
16-12-0203-46,ALTA VERAPAZ,SANTA MARIA CAHABON,CENTRO DE EDUCACIÓN EXTRAESCOLAR,SANTA MARIA CAHABON,RURAL,OFICIAL,SIN_TOKENS
16-12-0272-46,ALTA VERAPAZ,SANTA MARIA CAHABON,INSTITUTO NACIONAL DE EDUCACION DIVERSIFICADA,ALDEA BELÉN,URBANA,OFICIAL,URBANA_SIN_EVIDENCIA
16-13-0267-46,ALTA VERAPAZ,CHISEC,CENTRO DE EDUCACIÓN EXTRAESCOLAR,CHISEC,RURAL,OFICIAL,LONGITUD_INSUFICIENTE
16-14-1719-46,ALTA VERAPAZ,CHAHAL,INSTITUTO TECNICO VOCACIONAL SAN AGUSTIN,ALDEA SAN AGUSTIN CHAHAL VIEJO,URBANA,PRIVADO,URBANA_SIN_EVIDENCIA
16-16-0072-46,ALTA VERAPAZ,LA TINTA,INSTITUTO MIXTO DE EDUCACION BILINGUE INTERCULTURAL -IMEBI-,"BARRIO EL CALVARIO, ZONA 5",RURAL,PRIVADO,RURAL_CON_ZONA_NUM
16-16-0140-46,ALTA VERAPAZ,LA TINTA,CENTRO DE EDUCACIÓN EXTRAESCOLAR -CEEX-,"BARRIO EL HOSPITAL, ZONA 1",RURAL,OFICIAL,RURAL_CON_ZONA_NUM
16-17-0143-46,ALTA VERAPAZ,RAXRUHA,CENTRO DE EDUCACIÓN EXTRAESCOLAR,RAXRUHÁ,URBANA,OFICIAL,LONGITUD_INSUFICIENTE
15-02-0050-45,BAJA VERAPAZ,SAN MIGUEL CHICAJ,INEB,CANTON SAN JUAN,URBANA,OFICIAL,URBANA_SIN_EVIDENCIA
15-02-0051-45,BAJA VERAPAZ,SAN MIGUEL CHICAJ,COLEGIO PRIVADO MIXTO NAZARENO,CANTON LA CRUZ,URBANA,PRIVADO,URBANA_SIN_EVIDENCIA
15-02-0060-45,BAJA VERAPAZ,SAN MIGUEL CHICAJ,COLEGIO PARTICULAR BAUTISTA MIXTO,CANTÓN LA CRUZ,URBANA,PRIVADO,URBANA_SIN_EVIDENCIA
15-02-0093-45,BAJA VERAPAZ,SAN MIGUEL CHICAJ,IEBC DE ENSEÑANZA,CANTON SAN JUAN,URBANA,COOPERATIVA,URBANA_SIN_EVIDENCIA
15-02-0105-45,BAJA VERAPAZ,SAN MIGUEL CHICAJ,COLEGIO PARTICULAR BAUTISTA MIXTO,CANTÓN LA CRUZ,URBANA,PRIVADO,URBANA_SIN_EVIDENCIA
15-02-0134-45,BAJA VERAPAZ,SAN MIGUEL CHICAJ,COLEGIO PARTICULAR BAUTISTA MIXTO,CANTÓN LA CRUZ,URBANA,PRIVADO,URBANA_SIN_EVIDENCIA
15-02-0139-45,BAJA VERAPAZ,SAN MIGUEL CHICAJ,CENTRO DE EDUCACIÓN EXTRAESCOLAR CEEX,CANTÓN SAN JUAN,URBANA,PRIVADO,URBANA_SIN_EVIDENCIA
15-05-1941-45,BAJA VERAPAZ,GRANADOS,COLEGIO INTERCULTURAL TUNCAJ,GRANADOS,URBANA,PRIVADO,LONGITUD_INSUFICIENTE
15-02-0058-46,BAJA VERAPAZ,SAN MIGUEL CHICAJ,INSTITUTO NACIONAL DE EDUCACION DIVERSIFICADA,CANTON SAN JUAN,URBANA,OFICIAL,URBANA_SIN_EVIDENCIA
15-02-0059-46,BAJA VERAPAZ,SAN MIGUEL CHICAJ,COLEGIO PARTICULAR BAUTISTA MIXTO,CANTÓN LA CRUZ,URBANA,PRIVADO,URBANA_SIN_EVIDENCIA
15-02-0107-46,BAJA VERAPAZ,SAN MIGUEL CHICAJ,COLEGIO PARTICULAR BAUTISTA MIXTO,CANTÓN LA CRUZ,URBANA,PRIVADO,URBANA_SIN_EVIDENCIA
15-02-0131-46,BAJA VERAPAZ,SAN MIGUEL CHICAJ,CENTRO DE EDUCACIÓN EXTRAESCOLAR -CEEX-,CANTÓN SAN JUAN,URBANA,PRIVADO,URBANA_SIN_EVIDENCIA
15-02-0135-46,BAJA VERAPAZ,SAN MIGUEL CHICAJ,COLEGIO PARTICULAR BAUTISTA MIXTO,CANTÓN LA CRUZ,URBANA,PRIVADO,URBANA_SIN_EVIDENCIA
15-05-0037-46,BAJA VERAPAZ,GRANADOS,COLEGIO INTERCULTURAL TUNCAJ,GRANADOS,URBANA,PRIVADO,LONGITUD_INSUFICIENTE
15-05-0047-46,BAJA VERAPAZ,GRANADOS,COLEGIO INTERCULTURAL TUNCAJ,GRANADOS,URBANA,PRIVADO,LONGITUD_INSUFICIENTE
15-05-1942-46,BAJA VERAPAZ,GRANADOS,COLEGIO INTERCULTURAL TUNCAJ,GRANADOS,URBANA,PRIVADO,LONGITUD_INSUFICIENTE
15-05-2153-46,BAJA VERAPAZ,GRANADOS,COLEGIO INTERCULTURAL TUNCAJ,GRANADOS,URBANA,PRIVADO,LONGITUD_INSUFICIENTE
15-06-1265-46,BAJA VERAPAZ,SANTA CRUZ EL CHOL,COLEGIO PARTICULAR MIXTO VALLE DEL URRAM,SANTA CRUZ EL CHOL,URBANA,PRIVADO,SIN_TOKENS
00-01-0154-45,CIUDAD CAPITAL,ZONA 1,INSTITUTO NACIONAL DE EDUCACION BASICA O DE CULTURA GENERAL MARIA LUISA SAMAYOA LANUZA,10A AVE. 9-42,URBANA,OFICIAL,SIN_TOKENS
00-01-0156-45,CIUDAD CAPITAL,ZONA 1,"INEB JN, ""PEDRO ARRIAZA MATA""",10A AVE. 12-01,URBANA,OFICIAL,SIN_TOKENS
00-01-0157-45,CIUDAD CAPITAL,ZONA 1,IPSB VIRGEN PODEROSA CASA CENTRAL,2A AVE. 13-12,URBANA,PRIVADO,SIN_TOKENS
00-01-0161-45,CIUDAD CAPITAL,ZONA 1,IPMB COLEGIO LOYOLA,12 AVE. 4-30,URBANA,PRIVADO,SIN_TOKENS
00-01-0208-45,CIUDAD CAPITAL,ZONA 1,INSTITUTO NACIONAL DE EDUCACIÓN BÁSICA ADSCRITO AL INSTITUTO NORMAL MIXTO NOCTURNO,9A AVE. 9-27,URBANA,OFICIAL,SIN_TOKENS
00-01-0220-45,CIUDAD CAPITAL,ZONA 1,IPSB 'LICEO FRANCES',5A AVE. 9-80,URBANA,PRIVADO,SIN_TOKENS
00-01-0251-45,CIUDAD CAPITAL,ZONA 1,LICEO MERCANTIL,12 AVE. 12-31,URBANA,PRIVADO,SIN_TOKENS
00-01-0254-45,CIUDAD CAPITAL,ZONA 1,"IPMB COLEGIO MIXTO ""INDO LATINO""",4A AVE. 13-35,URBANA,PRIVADO,SIN_TOKENS
00-01-0511-45,CIUDAD CAPITAL,ZONA 1,CENTRO EDUCATIVO FUTURISTA -C.E.F.-,13 AVENIDA 4-60 ZONA 1,RURAL,PRIVADO,RURAL_CON_ZONA_NUM
00-01-0518-45,CIUDAD CAPITAL,ZONA 1,"""LICEO MONTE SINAÍ",3A. AVE. 7-34,URBANA,PRIVADO,SIN_TOKENS
00-01-0519-45,CIUDAD CAPITAL,ZONA 1,"""LICEO MONTE SINAÍ""",3A. AVE. 7-34,URBANA,PRIVADO,SIN_TOKENS
00-01-0523-45,CIUDAD CAPITAL,ZONA 1,"""LICEO MONTE SINAÍ""",3A. AVE. 7-34,URBANA,PRIVADO,SIN_TOKENS
00-01-0536-45,CIUDAD CAPITAL,ZONA 1,INEB JN ADSCRITO A EOPA NO. 26 JOSÉ JOAQUÍN PARDO,3A. AVE. C 24-24,URBANA,OFICIAL,SIN_TOKENS
00-01-7244-45,CIUDAD CAPITAL,ZONA 1,LICEO PROFESIONAL DE COMPUTACION Y CIENCIAS COMERCIALES,2A. AVE. 10-69,URBANA,PRIVADO,SIN_TOKENS
00-02-0093-45,CIUDAD CAPITAL,ZONA 2,"COLEGIO EVANGÉLICO MIXTO ""LA PATRIA""",7A. AVE. 7-38,URBANA,PRIVADO,SIN_TOKENS
00-02-0307-45,CIUDAD CAPITAL,ZONA 2,INSTITUTO NACIONAL MIXTO DE EDUCACIÓN BÁSICA ADRIÁN ZAPATA,12 AVE. B 8-03,URBANA,OFICIAL,SIN_TOKENS
00-02-0309-45,CIUDAD CAPITAL,ZONA 2,"INSTITUTO NACIONAL MIXTO DE EDUCACION BASICA ""ADRIAN ZAPATA""",12 AVE. B 8-03,URBANA,OFICIAL,SIN_TOKENS
00-02-0310-45,CIUDAD CAPITAL,ZONA 2,"COLEGIO EVANGÉLICO MIXTO ""LA PATRIA""",7A AVE. 7-38,URBANA,PRIVADO,SIN_TOKENS
00-02-0318-45,CIUDAD CAPITAL,ZONA 2,INSTITUTO PRIVADO MIXTO DE EDUCACION BASICA CENTRO DE ESTUDIOS DIVERSIFICADOS ( C.E.D.),3A AVE. 9-00 INTERIOR FINCA EL ZAPOTE,URBANA,PRIVADO,URBANA_SIN_EVIDENCIA
00-02-7735-45,CIUDAD CAPITAL,ZONA 2,COLEGIO MIXTO BILINGUE NUEVO AMANECER,13 AVE. 10-20 CIUDAD NUEVA,URBANA,PRIVADO,SIN_TOKENS
00-03-0358-45,CIUDAD CAPITAL,ZONA 3,INEB NOCTURNO DE LA ZONA 3,6A AVE. 27-36,URBANA,OFICIAL,SIN_TOKENS
00-03-0359-45,CIUDAD CAPITAL,ZONA 3,"COLEGIO ""JUNKABAL""",6A AVE. 31-29,URBANA,PRIVADO,SIN_TOKENS
00-03-0360-45,CIUDAD CAPITAL,ZONA 3,IPMB COLEGIO EVANGELICO MIXTO 'FRANCISCO G. PENZOTTI',4A AVE. 31-49,URBANA,PRIVADO,SIN_TOKENS
00-03-0362-45,CIUDAD CAPITAL,ZONA 3,IPMB COLEGIO BAUTISTA BETHEL,5A AVE. 13-38,URBANA,PRIVADO,SIN_TOKENS
00-03-0363-45,CIUDAD CAPITAL,ZONA 3,INSTITUTO PRIVADO MIXTO DE EDUCACION BASICA COLEGIO 'ECUATORIANO',2A AVE. 21-58,URBANA,PRIVADO,SIN_TOKENS
00-04-0002-45,CIUDAD CAPITAL,ZONA 4,INSTITUTO GUATEMALTECO AMERICANO -IGA-,"RUTA 1, 4-05",URBANA,PRIVADO,SIN_TOKENS
00-05-0448-45,CIUDAD CAPITAL,ZONA 5,CENTRO DE USOS MULTIPLES DR. CARLOS GONZALEZ ORELLANA,28 AVE. A 33-04,URBANA,OFICIAL,SIN_TOKENS
00-05-0457-45,CIUDAD CAPITAL,ZONA 5,ESCUELA PROFESIONAL SAN VICENTE DE PAUL,17 AVE. 31-00,URBANA,PRIVADO,SIN_TOKENS
00-05-2214-45,CIUDAD CAPITAL,ZONA 5,LICEO GUATEMALA,10A AVE. 33-03,URBANA,PRIVADO,SIN_TOKENS
00-06-0522-45,CIUDAD CAPITAL,ZONA 6,"COLEGIO PRIVADO ""TERESA DE AVILA""",15 AVE. 5-45,URBANA,PRIVADO,SIN_TOKENS
00-06-0524-45,CIUDAD CAPITAL,ZONA 6,"COLEGIO PRIVADO MIXTO ""CENTRO AMÉRICA """,16 AVE. 19-52 PROYECTO 4-4,URBANA,PRIVADO,SIN_TOKENS
00-07-0005-45,CIUDAD CAPITAL,ZONA 7,INEB,"COLONIA EL GRANIZO ""B""",RURAL,OFICIAL,RURAL_SOLO_TOKENS_URBANOS
00-07-0006-45,CIUDAD CAPITAL,ZONA 7,INEB,COLONIA EL ESFUERZO,RURAL,OFICIAL,RURAL_SOLO_TOKENS_URBANOS
00-07-0119-45,CIUDAD CAPITAL,ZONA 7,LICEO MIXTO EN COMPUTACIÓN ROTTERDAM,"CARRIL AUXILIAR ANILLO PERIFERICO 14-12, CIUDAD DE PLATA II",URBANA,PRIVADO,SIN_TOKENS
00-07-0656-45,CIUDAD CAPITAL,ZONA 7,INSTITUTO PARTICULAR MIXTO MIGUEL ANGEL ASTURIAS,4A AVE. 0-28,URBANA,PRIVADO,SIN_TOKENS
00-09-0693-45,CIUDAD CAPITAL,ZONA 9,"INSTITUTO "" MARIA AUXILIADORA """,5A AVE. 6-12,URBANA,PRIVADO,SIN_TOKENS
00-09-7853-45,CIUDAD CAPITAL,ZONA 9,COLEGIO GIBBS,7AV. 3-50,URBANA,PRIVADO,LONGITUD_INSUFICIENTE
00-10-0760-45,CIUDAD CAPITAL,ZONA 10,IPVB COLEGIO AMIGO DE LOS NIÑOS 'MI CASA',6A AVE. 13-05,URBANA,PRIVADO,SIN_TOKENS
00-10-0775-45,CIUDAD CAPITAL,ZONA 10,MONTANO COLLEGE,6A AVE. 11-39,URBANA,PRIVADO,SIN_TOKENS
00-11-0840-45,CIUDAD CAPITAL,ZONA 11,INEB JUAN DIEGUEZ OLAVERRI,8A AVE. 25-40,URBANA,OFICIAL,SIN_TOKENS
00-11-0845-45,CIUDAD CAPITAL,ZONA 11,COLEGIO EDUCATIVO DE FORMACION INTEGRAL C.E.F.I,15 AVE. B 11-22,URBANA,PRIVADO,SIN_TOKENS
00-11-0854-45,CIUDAD CAPITAL,ZONA 11,COLEGIO ALEMAN DE GUATEMALA,"DIAGONAL 21, 19-20",URBANA,PRIVADO,SIN_TOKENS
00-11-0861-45,CIUDAD CAPITAL,ZONA 11,IPMB LICEO EMILIO ARENALES CATALAN,2A AVE. 4-21,URBANA,PRIVADO,SIN_TOKENS
00-12-0105-45,CIUDAD CAPITAL,ZONA 12,COORDINACION DEPARTAMENTAL DE TELESECUNDARIA GUATEMALA SUR,"AVENIDA PETAPA 47-79, ZONA 12, PLAZA GRECIA",RURAL,OFICIAL,RURAL_CON_ZONA_NUM
00-12-0134-45,CIUDAD CAPITAL,ZONA 12,LICEO CANADIENSE SOCIEDAD ANÓNIMA,DIAGONAL 19 40-54,URBANA,PRIVADO,SIN_TOKENS
00-12-0144-45,CIUDAD CAPITAL,ZONA 12,"INEB INSTITUTO NACIONAL DE EDUCACION BASICA Y BACHILLERATO EN CIENCIAS Y LETRAS POR MADUREZ ""LICDA. MATILDE ROUGE""",BOULEVARD LIBERACION 13-19,URBANA,OFICIAL,SIN_TOKENS
00-12-0146-45,CIUDAD CAPITAL,ZONA 12,"INSTITUTO NACIONAL DE EDUCACION BASICA Y BACHILLERATO EN CIENCIAS Y LETRAS POR MADUREZ ""LICDA. MATILDE ROUGE""",BOULEVARD LIBERACION 13-19,URBANA,OFICIAL,SIN_TOKENS
00-12-7081-45,CIUDAD CAPITAL,ZONA 12,LICEO MIXTO CRISTIANO 'PIAGET',2 AVE. 4-60 CIUDAD REAL 1,URBANA,PRIVADO,SIN_TOKENS
00-13-0007-45,CIUDAD CAPITAL,ZONA 13,"INEB ""RABINDRANATH TAGORE""","6A. AVENIDA ""B"" 17-36",RURAL,OFICIAL,RURAL_SOLO_TOKENS_URBANOS
00-13-0940-45,CIUDAD CAPITAL,ZONA 13,INSTITUTO ADOLFO V. HALL CENTRAL,7A AVE. FINCA LA AURORA GUATEMALA,URBANA,OFICIAL,URBANA_SIN_EVIDENCIA
00-13-0943-45,CIUDAD CAPITAL,ZONA 13,INSTITUTO EVANGELICO AMERICA LATINA (CURSOS DE EXTENSION),3A AVE. 1-44 (PAMPLONA),URBANA,PRIVADO,SIN_TOKENS
00-15-0985-45,CIUDAD CAPITAL,ZONA 15,COLEGIO BILINGUE VISTA HERMOSA,15 AVE. 5-50 VISTA HERMOSA III,URBANA,PRIVADO,SIN_TOKENS
00-15-0987-45,CIUDAD CAPITAL,ZONA 15,COLEGIO VALLE VERDE,15 AVE. 3-80,URBANA,PRIVADO,SIN_TOKENS
00-16-0999-45,CIUDAD CAPITAL,ZONA 16,INSTITUTO AUSTRIACO GUATEMALTECO,BOULEVARD AUSTRIACO 23-90,URBANA,PRIVADO,SIN_TOKENS
00-16-9536-45,CIUDAD CAPITAL,ZONA 16,COLEGIO VIENA GUATEMALTECO,BOULEVARD AUSTRIACO 23-90,URBANA,PRIVADO,SIN_TOKENS
00-16-9550-45,CIUDAD CAPITAL,ZONA 16,COLEGIO LOS ANGELES,FINCA EL PULTE SANTA ROSITA,URBANA,PRIVADO,URBANA_SIN_EVIDENCIA
00-18-0181-45,CIUDAD CAPITAL,ZONA 18,"LICEO PREUNIVERSITARIO ""DR. NELSON MANDELA""",CA-9 NORTE (RUTA ATLNTICO) 34-05,URBANA,PRIVADO,SIN_TOKENS
00-19-0004-45,CIUDAD CAPITAL,ZONA 19,INEB,COLONIA FLORIDA,RURAL,OFICIAL,RURAL_SOLO_TOKENS_URBANOS
00-25-0012-45,CIUDAD CAPITAL,ZONA 25,INSTITUTO NACIONAL DE EDUCACIÓN BÁSICA DE TELESECUNDARIA LA CEBADILLA,"19 AVENIDA 42-50, COLONIA LA CEBADILLA",RURAL,OFICIAL,RURAL_SOLO_TOKENS_URBANOS
00-01-0183-46,CIUDAD CAPITAL,ZONA 1,INSTITUTO NORMAL 'CASA CENTRAL',1A AVE. 13-63,URBANA,PRIVADO,SIN_TOKENS
00-01-0192-46,CIUDAD CAPITAL,ZONA 1,INSTITUTO PROFESIONAL DE TÉCNICAS COMERCIALES ESPECIALIZADAS IPTCE,7A AVE. 3-48,URBANA,PRIVADO,SIN_TOKENS
00-01-0205-46,CIUDAD CAPITAL,ZONA 1,"INSTITUTO NORMAL CENTRAL PARA SEÑORITAS ""BELEN""",11 AVE. 12-20,URBANA,OFICIAL,SIN_TOKENS
00-01-0208-46,CIUDAD CAPITAL,ZONA 1,INSTITUTO NORMAL MIXTO NOCTURNO,9A AVE. 9-27,URBANA,OFICIAL,SIN_TOKENS
00-01-0220-46,CIUDAD CAPITAL,ZONA 1,"LICEO "" FRANCES """,5A AVE. 9-80,URBANA,PRIVADO,SIN_TOKENS
00-01-0250-46,CIUDAD CAPITAL,ZONA 1,COLEGIO MIXTO MONTSERRAT,15 AVE. 2-63,URBANA,PRIVADO,SIN_TOKENS
00-01-0251-46,CIUDAD CAPITAL,ZONA 1,LICEO MERCANTIL,12 AVE. 12-31,URBANA,PRIVADO,SIN_TOKENS
00-01-0254-46,CIUDAD CAPITAL,ZONA 1,"COLEGIO MIXTO ""INDO LATINO""",4A AVE. 13-35,URBANA,PRIVADO,SIN_TOKENS
00-01-0520-46,CIUDAD CAPITAL,ZONA 1,"""LICEO MONTE SINAÍ""",3A. AVE. 7-34,URBANA,PRIVADO,SIN_TOKENS
00-01-0521-46,CIUDAD CAPITAL,ZONA 1,"""LICEO MONTE SINAÍ""",3A. AVE. 7-34,URBANA,PRIVADO,SIN_TOKENS
00-01-0524-46,CIUDAD CAPITAL,ZONA 1,"""LICEO MONTE SINAÍ""",3A. AVE. 7-34,URBANA,PRIVADO,SIN_TOKENS
00-01-0587-46,CIUDAD CAPITAL,ZONA 1,"CENTRO EDUCATIVO ""MONTENEVADO""",3A. AVE. 10-29,URBANA,PRIVADO,SIN_TOKENS
00-01-0623-46,CIUDAD CAPITAL,ZONA 1,COLEGIO LOYOLA,12 AVE. 4-30,URBANA,PRIVADO,SIN_TOKENS
00-01-0824-46,CIUDAD CAPITAL,ZONA 1,COLEGIO TECNOLÓGICO LA MISIÓN,4TA. 9-65,URBANA,PRIVADO,LONGITUD_INSUFICIENTE
00-01-7314-46,CIUDAD CAPITAL,ZONA 1,"CENTRO DE FORMACION PREUNIVERSITARIA ""DR. REICHMANN"" (CEFPRE)",5AV. 2-43,URBANA,PRIVADO,LONGITUD_INSUFICIENTE
00-01-7644-46,CIUDAD CAPITAL,ZONA 1,LICEO MIXTO EN COMPUTACION IXCHEL,5AV. 3-79,URBANA,PRIVADO,LONGITUD_INSUFICIENTE
00-02-0094-46,CIUDAD CAPITAL,ZONA 2,"COLEGIO EVANGÉLICO MIXTO ""LA PATRIA""",7A. AVE. 7-38,URBANA,PRIVADO,SIN_TOKENS
00-02-0197-46,CIUDAD CAPITAL,ZONA 2,"INSTITUTO PRIVADO MIXTO TECNOLÓGICO EXPERIMENTAL "" FEDERICO TAYLOR""",7A AVE. 4-38,URBANA,PRIVADO,SIN_TOKENS
00-02-0314-46,CIUDAD CAPITAL,ZONA 2,INSTITUTO DE ESTUDIOS COMERCIALES Y ADMINISTRATIVOS -IECA-,3A AVE. 9-00 INTERIOR FINCA EL ZAPOTE,URBANA,PRIVADO,URBANA_SIN_EVIDENCIA
00-02-0315-46,CIUDAD CAPITAL,ZONA 2,"COLEGIO EVANGÉLICO MIXTO ""LA PATRIA""",7A AVE. 7-38,URBANA,PRIVADO,SIN_TOKENS
00-02-7736-46,CIUDAD CAPITAL,ZONA 2,COLEGIO MIXTO BILINGUE NUEVO AMANECER,13 AVE. 10-20 CIUDAD NUEVA,URBANA,PRIVADO,SIN_TOKENS
00-03-2911-46,CIUDAD CAPITAL,ZONA 3,COLEGIO EVANGELICO MIXTO 'FRANCISCO G. PENZOTTI',4A. AVE. 31-49,URBANA,PRIVADO,SIN_TOKENS
00-04-0005-46,CIUDAD CAPITAL,ZONA 4,INSTITUTO GUATEMALTECO AMERICANO-IGA-,RUTA 14-05,URBANA,PRIVADO,SIN_TOKENS
00-04-0376-46,CIUDAD CAPITAL,ZONA 4,INSTITUTO GUATEMALTECO AMERICANO -IGA-,RUTA I 4-05,URBANA,PRIVADO,SIN_TOKENS
00-05-0454-46,CIUDAD CAPITAL,ZONA 5,INSTITUTO NACIONAL DE FORMACION TECNICA,28 AVE. A 33-50,URBANA,OFICIAL,SIN_TOKENS
00-05-2214-46,CIUDAD CAPITAL,ZONA 5,LICEO GUATEMALA,10A AVE. 33-03,URBANA,PRIVADO,SIN_TOKENS
00-07-0007-46,CIUDAD CAPITAL,ZONA 7,INSTITUTO NACIONAL DE EDUCACION DIVERSIFICADA,38 CALLE 33-20 ZONA 7 COLONIA EL AMPARO,RURAL,OFICIAL,RURAL_CON_ZONA_NUM
00-07-0077-46,CIUDAD CAPITAL,ZONA 7,"INSTITUTO TECNOLÓGICO EN ESTUDIOS DIVERSIFICADOS ""SAN JUAN""",31 AENIDA. 5-30 JARDINES DE TIKAL I,URBANA,PRIVADO,SIN_TOKENS
00-09-0693-46,CIUDAD CAPITAL,ZONA 9,"INSTITUTO "" MARIA AUXILIADORA """,5A AVE. 6-12,URBANA,PRIVADO,SIN_TOKENS
00-10-0775-46,CIUDAD CAPITAL,ZONA 10,MONTANO COLLEGE,6A AVE. 11-39,URBANA,PRIVADO,SIN_TOKENS
00-11-0854-46,CIUDAD CAPITAL,ZONA 11,COLEGIO ALEMAN DE GUATEMALA,"DIAGONAL 21, 19-20",URBANA,PRIVADO,SIN_TOKENS
00-12-0135-46,CIUDAD CAPITAL,ZONA 12,LICEO CANADIENSE SOCIEDAD ANONIMA,DIAGONAL 19 40-54,URBANA,PRIVADO,SIN_TOKENS
00-12-0145-46,CIUDAD CAPITAL,ZONA 12,"INSTITUTO NACIONAL DE EDUCACION BASICA Y BACHILLERATO EN CIENCIAS Y LETRAS POR MADUREZ ""LICDA. MATILDE ROUGE""",BOULEVARD LIBERACION 13-19,URBANA,OFICIAL,SIN_TOKENS
00-12-0147-46,CIUDAD CAPITAL,ZONA 12,"INSTITUTO NACIONAL DE EDUCACION BASICA Y BACHILLERATO EN CIENCIAS Y LETRAS POR MADUREZ ""LICDA. MATILDE ROUGE""",BOULEVARD LIBERACION 13-19,URBANA,OFICIAL,SIN_TOKENS
00-13-0938-46,CIUDAD CAPITAL,ZONA 13,INSTITUTO TECNICO VOCACIONAL DR. IMRICH FISCHMANN,7A AVE. 5-80,URBANA,OFICIAL,SIN_TOKENS
00-13-0940-46,CIUDAD CAPITAL,ZONA 13,INSTITUTO ADOLFO V. HALL CENTRAL,7A AVE. FINCA LA AURORA,URBANA,OFICIAL,URBANA_SIN_EVIDENCIA
00-13-0942-46,CIUDAD CAPITAL,ZONA 13,INSTITUTO EVANGELICO AMERICA LATINA,3A AVE. 1-44,URBANA,PRIVADO,SIN_TOKENS
00-13-0943-46,CIUDAD CAPITAL,ZONA 13,INSTITUTO EVANGELICO AMERICA LATINA (CURSOS DE EXTENSION),3A AVE. 1-44 (PAMPLONA),URBANA,PRIVADO,SIN_TOKENS
00-15-0985-46,CIUDAD CAPITAL,ZONA 15,COLEGIO BILINGUE VISTA HERMOSA,15 AVE. 5-50 VISTA HERMOSA III,URBANA,PRIVADO,SIN_TOKENS
00-16-0016-46,CIUDAD CAPITAL,ZONA 16,COLEGIO LOS ANGELES,"FINCA EL PULTÉ, SANTA ROSITA",URBANA,PRIVADO,URBANA_SIN_EVIDENCIA
00-16-0999-46,CIUDAD CAPITAL,ZONA 16,INSTITUTO AUSTRIACO GUATEMALTECO,BOULEVARD AUSTRIACO 23-90,URBANA,PRIVADO,SIN_TOKENS
00-16-9537-46,CIUDAD CAPITAL,ZONA 16,COLEGIO VIENA GUATEMALTECO,BOULEVARD AUSTRIACO 23-90,URBANA,PRIVADO,SIN_TOKENS
00-18-0182-46,CIUDAD CAPITAL,ZONA 18,"LICEO PREUNIVERSITARIO ""DR. NELSON MANDELA""",CA-9 NORTE (RUTA ATLNTICO) 34-05,URBANA,PRIVADO,SIN_TOKENS
00-18-0191-46,CIUDAD CAPITAL,ZONA 18,LICEO CRISTIANO CIENCIA,"DIAGONAL 25, 45-55 COLONIOA LA ESTANCIA",URBANA,PRIVADO,SIN_TOKENS
00-18-0241-46,CIUDAD CAPITAL,ZONA 18,"LICEO PREUNIVERSITARIO ""DR. NELSON MANDELA""",CA-9 NORTE (RUTA AL ATLÁNTICO) 34-05,URBANA,PRIVADO,SIN_TOKENS
00-18-0243-46,CIUDAD CAPITAL,ZONA 18,LICEO TECNOLÓGICO HOMBRE DE NAZARETH,13/02/2023,URBANA,PRIVADO,SIN_TOKENS
00-18-7878-46,CIUDAD CAPITAL,ZONA 18,LICEO JUVENIL DE COMPUTACION C.S.S,13 AVE. 13-46 LAVARREDA,URBANA,PRIVADO,SIN_TOKENS
00-21-8135-46,CIUDAD CAPITAL,ZONA 21,COLEGIO MIXTO BILINGUE 'JUVENIL AMERICANO',16 AVE. 12-29 NIMAJUYU I,URBANA,PRIVADO,SIN_TOKENS
04-01-0094-45,CHIMALTENANGO,CHIMALTENANGO,INEB,"1A. AVENIDA 1-251, LA ALAMEDA, ZONA 9",RURAL,OFICIAL,RURAL_CON_ZONA_NUM
04-01-0213-45,CHIMALTENANGO,CHIMALTENANGO,"INSTITUTO MIXTO ""VALLE DE LOS OLIVOS""","9A. CALLE 5-31, ZONA 7 MONTE LOS OLIVOS",RURAL,PRIVADO,RURAL_CON_ZONA_NUM
04-01-0281-45,CHIMALTENANGO,CHIMALTENANGO,COLEGIO DEL FUTURO,KM. 2.5 CARRETERA A SAN MARTIN JILOTEPEQUE,URBANA,PRIVADO,URBANA_KM_SIN_CONTEXTO
04-01-0282-45,CHIMALTENANGO,CHIMALTENANGO,COLEGIO DEL FUTURO,KM. 2.5 CARRETERA A SAN MARTIN JILOTEPEQUE,URBANA,PRIVADO,URBANA_KM_SIN_CONTEXTO
04-01-0317-45,CHIMALTENANGO,CHIMALTENANGO,"INSTITUTO MIXTO ""VALLE DE LOS OLIVOS""","9A. CALLE 5-31, ZONA 7 MONTE LOS OLIVOS",RURAL,PRIVADO,RURAL_CON_ZONA_NUM
04-01-0329-45,CHIMALTENANGO,CHIMALTENANGO,"CENTRO DE ESTUDIOS INTEGRADOS ""CEI""","1RA CALLE PASAJE 6-106 CASA ""I"", BUENA VISTA SUR, ZONA 8",RURAL,PRIVADO,RURAL_CON_ZONA_NUM
04-01-0352-45,CHIMALTENANGO,CHIMALTENANGO,COLEGIO DEL FUTURO,KM. 2.5 CARRETERA A SAN MARTÍN JILOTEPEQUE,URBANA,PRIVADO,URBANA_KM_SIN_CONTEXTO
04-01-0353-45,CHIMALTENANGO,CHIMALTENANGO,COLEGIO DEL FUTURO,KM. 2.5 CARRETERA A SAN MARTÍN JILOTEPEQUE,URBANA,PRIVADO,URBANA_KM_SIN_CONTEXTO
04-01-2286-45,CHIMALTENANGO,CHIMALTENANGO,COLEGIO EVANGELICO MIXTO ALPHA Y OMEGA,KM.58 CARRETERA INTERAMERICANA (INTERIOR 100 METROS),URBANA,PRIVADO,URBANA_KM_SIN_CONTEXTO
04-02-2290-45,CHIMALTENANGO,SAN JOSE POAQUIL,INSTITUTO MIXTO DE EDUCACION BASICA POR COOPERATIVA,CASERIO CHUACRUZ ALDEA PALAMA,URBANA,COOPERATIVA,URBANA_SIN_EVIDENCIA
04-03-0262-45,CHIMALTENANGO,SAN MARTIN JILOTEPEQUE,"LICEO TECNOLÓGICO ""SAN JOSÉ""","CASERO SANTO DOMINGO, ALDEA QUIMAL",URBANA,PRIVADO,URBANA_SIN_EVIDENCIA
04-05-0253-45,CHIMALTENANGO,SANTA APOLONIA,IEBC,SANTA APOLONIA,URBANA,COOPERATIVA,SIN_TOKENS
04-05-2300-45,CHIMALTENANGO,SANTA APOLONIA,CENTRO EDUCATIVO JESUS EL BUEN PASTOR,MUNICIPIO DE SANTA APOLONIA,URBANA,PRIVADO,SIN_TOKENS
04-07-2868-45,CHIMALTENANGO,PATZUN,CENTRO EDUCATIVO COMUNAL DIVINA SABIDURIA,CANTON SUR M. 8,URBANA,PRIVADO,URBANA_SIN_EVIDENCIA
04-08-3078-45,CHIMALTENANGO,SAN MIGUEL POCHUTA,LICEO PRIVADO POCHUTECO CAMINO AL FUTURO,SAN MIGUEL POCHUTA,URBANA,PRIVADO,SIN_TOKENS
04-09-0022-45,CHIMALTENANGO,PATZICIA,COLEGIO INTEGRAL MESOAMERICANO,KM. 69.5 CARRETERA INTERAMERICANA,URBANA,PRIVADO,URBANA_KM_SIN_CONTEXTO
04-09-2773-45,CHIMALTENANGO,PATZICIA,INSTITUTO MIXTO DE EDUCACION BASICA POR COOPERATIVA 'PATZICIA',EL BOSQUE,URBANA,COOPERATIVA,LONGITUD_INSUFICIENTE
04-10-0005-45,CHIMALTENANGO,SANTA CRUZ BALANYA,INEB EL MIRADOR,COLONIA EL MIRADOR,RURAL,OFICIAL,RURAL_SOLO_TOKENS_URBANOS
04-10-0452-45,CHIMALTENANGO,SANTA CRUZ BALANYA,INSTITUTO DE EDUCACIÓN BÁSICA POR COOPERATIVA,CANTON LA LIBERTAD,URBANA,COOPERATIVA,URBANA_SIN_EVIDENCIA
04-10-2281-45,CHIMALTENANGO,SANTA CRUZ BALANYA,COLEGIO EVANGELICO FILADELFIA,CANTON EL PROGRESO,URBANA,PRIVADO,URBANA_SIN_EVIDENCIA
04-10-3042-45,CHIMALTENANGO,SANTA CRUZ BALANYA,CENTRO EDUCATIVO NUEVO AMANECER,CANTON LA LIBERTAD,URBANA,PRIVADO,URBANA_SIN_EVIDENCIA
04-10-3185-45,CHIMALTENANGO,SANTA CRUZ BALANYA,INSTITUTO MUNICIPAL DE EDUCACION BASICA CON ORIENTACION A LA COMPUTACION,CANTÓN LA INDEPENDENCIA,URBANA,MUNICIPAL,URBANA_SIN_EVIDENCIA
04-11-0007-45,CHIMALTENANGO,ACATENANGO,COLEGIO PARROQUIAL MIXTO NUESTRA SEÑORA DE FATIMA,ACATENANGO,URBANA,PRIVADO,SIN_TOKENS
04-11-2177-45,CHIMALTENANGO,ACATENANGO,IEBC,ALDEA SAN ANTONIO NEJAPA,URBANA,COOPERATIVA,URBANA_SIN_EVIDENCIA
04-11-2305-45,CHIMALTENANGO,ACATENANGO,COLEGIO INTEGRAL MIXTO EVANGELICO EBEN-EZER,MUNICIPIO DE ACATENANGO,URBANA,PRIVADO,SIN_TOKENS
04-12-0029-45,CHIMALTENANGO,SAN PEDRO YEPOCAPA,COLEGIO EVANGELICO SINAI,"PRIMER CANTÓN, VILLA DE SAN PEDRO",URBANA,PRIVADO,URBANA_SIN_EVIDENCIA
04-12-0045-45,CHIMALTENANGO,SAN PEDRO YEPOCAPA,INSTITUTO PRIVADO MIXTO ORIZABA,PRIMER CANTÓN,URBANA,PRIVADO,URBANA_SIN_EVIDENCIA
04-12-0052-45,CHIMALTENANGO,SAN PEDRO YEPOCAPA,INSTITUTO PRIVADO MIXTO ORIZABA,PRIMER CANTÓN,URBANA,PRIVADO,URBANA_SIN_EVIDENCIA
04-12-0054-45,CHIMALTENANGO,SAN PEDRO YEPOCAPA,INSTITUTO PRIVADO MIXTO ORIZABA,PRIMER CANTON,URBANA,PRIVADO,URBANA_SIN_EVIDENCIA
04-12-0058-45,CHIMALTENANGO,SAN PEDRO YEPOCAPA,INSTITUTO PRIVADO MIXTO ORIZABA,PRIMER CANTÓN,URBANA,PRIVADO,URBANA_SIN_EVIDENCIA
04-12-0062-45,CHIMALTENANGO,SAN PEDRO YEPOCAPA,CENTRO EDUCATIVO SANTA SOFÍA,02/01/2023,RURAL,PRIVADO,SIN_TOKENS
04-12-0488-45,CHIMALTENANGO,SAN PEDRO YEPOCAPA,IEBC DE ENSEÑANZA,ALDEA BUENA VISTA I,URBANA,COOPERATIVA,URBANA_SIN_EVIDENCIA
04-12-0632-45,CHIMALTENANGO,SAN PEDRO YEPOCAPA,IEBC 'YEPOCAPA 91',CANTON TERCERO,URBANA,COOPERATIVA,URBANA_SIN_EVIDENCIA
04-12-2545-45,CHIMALTENANGO,SAN PEDRO YEPOCAPA,INSTITUTO PARROQUIAL MIXTO 'CORAZON DE MARIA',CANTON TERCERO,URBANA,PRIVADO,URBANA_SIN_EVIDENCIA
04-13-0003-45,CHIMALTENANGO,SAN ANDRES ITZAPA,INEB 25 DE JUNIO,CANTON SAN CRISTOBAL EL LLANO,URBANA,OFICIAL,URBANA_SIN_EVIDENCIA
04-13-0025-45,CHIMALTENANGO,SAN ANDRES ITZAPA,COLEGIO CIENTÍFICO INTEGRAL ITZAPECO,CANTÓN SAN CRISTOBAL,URBANA,PRIVADO,URBANA_SIN_EVIDENCIA
04-13-0028-45,CHIMALTENANGO,SAN ANDRES ITZAPA,LICEO CIENTÍFICO GUATEMALTECO EN ARTE Y TECNOLOGÍA,CANTÓN SAN LORENZO,URBANA,PRIVADO,URBANA_SIN_EVIDENCIA
04-13-0032-45,CHIMALTENANGO,SAN ANDRES ITZAPA,LICEO CIENTÍFICO GUATEMALTECO EN ARTE Y TECNOLOGÍA,CANTON SAN LORENZO,URBANA,PRIVADO,URBANA_SIN_EVIDENCIA
04-13-0034-45,CHIMALTENANGO,SAN ANDRES ITZAPA,LICEO CIENTÍFICO GUATEMALTECO EN ARTE Y TECNOLOGÍA,CANTÓN SAN LORENZO,URBANA,PRIVADO,URBANA_SIN_EVIDENCIA
04-13-0036-45,CHIMALTENANGO,SAN ANDRES ITZAPA,LICEO CAMPO ALEGRE,CANTÓN SAN PEDRO Y SAN PABLO,URBANA,PRIVADO,URBANA_SIN_EVIDENCIA
04-13-0038-45,CHIMALTENANGO,SAN ANDRES ITZAPA,LICEO CIENTÍFICO GUATEMALTECO EN ARTE Y TECNOLOGÍA,CANTON SAN LORENZO,URBANA,PRIVADO,URBANA_SIN_EVIDENCIA
04-13-0041-45,CHIMALTENANGO,SAN ANDRES ITZAPA,CENTRO EDUCATIVO SHAMMAH CHRISTIAN SCHOOL,KM 60 CARRETERA A SAN ANDRÉS ITZAPA,URBANA,PRIVADO,URBANA_KM_SIN_CONTEXTO
04-13-0501-45,CHIMALTENANGO,SAN ANDRES ITZAPA,INSTITUTO MIXTO DE EDUCACIÓN BÁSICA POR COOPERATIVA DE ENSEÑANZA PROFESOR FLAVIO ELIAS MEZA CORTEZ,CANTON SAN LORENZO,URBANA,COOPERATIVA,URBANA_SIN_EVIDENCIA
04-13-2097-45,CHIMALTENANGO,SAN ANDRES ITZAPA,COLEGIO PRIVADO MIXTO SAN ANDRES,CANTON SAN LORENZO,URBANA,PRIVADO,URBANA_SIN_EVIDENCIA
04-13-2877-45,CHIMALTENANGO,SAN ANDRES ITZAPA,LICEO CAMPO ALEGRE,CANTON SAN PEDRO Y SAN PABLO,URBANA,PRIVADO,URBANA_SIN_EVIDENCIA
04-13-2890-45,CHIMALTENANGO,SAN ANDRES ITZAPA,INSTITUTO MIXTO DE EDUCACIÓN BÁSICA POR COOPERATIVA BILINGÜE INTERCULTURAL,CANTÓN SAN PEDRO Y SAN PABLO,URBANA,COOPERATIVA,URBANA_SIN_EVIDENCIA
04-13-3234-45,CHIMALTENANGO,SAN ANDRES ITZAPA,LICEO CAMPO ALEGRE,CANTON SAN PEDRO Y SAN PABLO,URBANA,PRIVADO,URBANA_SIN_EVIDENCIA
04-14-0003-45,CHIMALTENANGO,PARRAMOS,LICEO CRISTIANO HEBRON,CANTON LA PAZ,URBANA,PRIVADO,URBANA_SIN_EVIDENCIA
04-14-0005-45,CHIMALTENANGO,PARRAMOS,COLEGIO BILINGÜE EN COMPUTACIÓN SAN BERNABÉ,"KILÓMETRO 63 CARRETERA A SAN PEDRO YEPOCAPA, ALDEA SAN BERNABÉ",URBANA,PRIVADO,URBANA_KM_SIN_CONTEXTO
04-14-0027-45,CHIMALTENANGO,PARRAMOS,COLEGIO CRISTIANO LOS BRAZOS DE JESUS,CANTON LA UNION,URBANA,PRIVADO,URBANA_SIN_EVIDENCIA
04-14-0034-45,CHIMALTENANGO,PARRAMOS,"COLEGIO CRISTIANO ""LOS BRAZOS DE JESÚS""",CANTÓN LA UNIÓN,URBANA,PRIVADO,URBANA_SIN_EVIDENCIA
04-14-0508-45,CHIMALTENANGO,PARRAMOS,IEBC,CANTON LA UNION,URBANA,COOPERATIVA,URBANA_SIN_EVIDENCIA
04-14-2355-45,CHIMALTENANGO,PARRAMOS,INSTITUTO PARTICULAR MIXTO NOCTURNO DE EDUCACION BASICA,CANTON LA UNION,URBANA,PRIVADO,URBANA_SIN_EVIDENCIA
04-15-0526-45,CHIMALTENANGO,ZARAGOZA,IEBC DE ENSEÑANZA 'LIC. CARLOS ABILIO GIRON NORIEGA',CANTON EL SALITRE,URBANA,COOPERATIVA,URBANA_SIN_EVIDENCIA
04-16-0033-45,CHIMALTENANGO,EL TEJAR,"COLEGIO MIXTO EN COMPUTACIÓN ""MORAZAN""",CALLE REAL BARRIO LA CUESTECITA,RURAL,PRIVADO,RURAL_SOLO_TOKENS_URBANOS
04-16-0595-45,CHIMALTENANGO,EL TEJAR,INEB CON ORIENTACION INDUSTRIAL,LOMAS EL PERICON,URBANA,OFICIAL,SIN_TOKENS
04-01-0093-46,CHIMALTENANGO,CHIMALTENANGO,ESCUELA NORMAL DE EDUCACION FISICA,"INTERIOR DE LA ESCUELA NORMAL RURAL ""PEDRO MOLINA"", LA ALAMEDA",RURAL,OFICIAL,SIN_TOKENS
04-01-0287-46,CHIMALTENANGO,CHIMALTENANGO,COLEGIO DEL FUTURO,KM. 2.5 CARRETERA A SAN MARTIN JILOTEPEQUE,URBANA,PRIVADO,URBANA_KM_SIN_CONTEXTO
04-01-0288-46,CHIMALTENANGO,CHIMALTENANGO,COLEGIO DEL FUTURO,KM. 2.5 CARRETERA A SAN MARTÍN JILOTEPEQUE,URBANA,PRIVADO,URBANA_KM_SIN_CONTEXTO
04-01-0330-46,CHIMALTENANGO,CHIMALTENANGO,"CENTRO DE ESTUDIOS INTEGRADOS ""CEI""","1RA CALLE PASAJE 6-106 CASA ""I"", BUENA VISTA SUR, ZONA 8",RURAL,PRIVADO,RURAL_CON_ZONA_NUM
04-01-0354-46,CHIMALTENANGO,CHIMALTENANGO,COLEGIO DEL FUTURO,KM. 2.5 CARRETERA A SAN MARTÍN JILOTEPEQUE,URBANA,PRIVADO,URBANA_KM_SIN_CONTEXTO
04-01-0355-46,CHIMALTENANGO,CHIMALTENANGO,COLEGIO DEL FUTURO,KM. 2.5 CARRETERA A SAN MARTÍN JILOTEPEQUE,URBANA,PRIVADO,URBANA_KM_SIN_CONTEXTO
04-01-2287-46,CHIMALTENANGO,CHIMALTENANGO,COLEGIO EVANGELICO MIXTO ALPHA Y OMEGA,KM. 58 CARRETERA INTERAMERICANA (INTERIOR 100 METROS),URBANA,PRIVADO,URBANA_KM_SIN_CONTEXTO
04-03-0204-46,CHIMALTENANGO,SAN MARTIN JILOTEPEQUE,"LICEO CRISTIANO ""JERUSALEN""",SAN MARTÍN JILOTEPEQUE,URBANA,PRIVADO,URBANA_SIN_EVIDENCIA
04-03-0259-46,CHIMALTENANGO,SAN MARTIN JILOTEPEQUE,"COLEGIO EVANGELICO MIXTO ""GETSEMANI""",02/01/2024,URBANA,PRIVADO,SIN_TOKENS
04-08-0005-46,CHIMALTENANGO,SAN MIGUEL POCHUTA,INSTITUTO MUNICIPAL DE DIVERSIFICADO POCHUTA CENTENARIO,SAN MIGUEL POCHUTA,URBANA,MUNICIPAL,SIN_TOKENS
04-08-0006-46,CHIMALTENANGO,SAN MIGUEL POCHUTA,"INSTITUTO MUNICIPAL DE DIVERSIFICADO ""POCHUTA CENTENARIO""",SAN MIGUEL POCHUTA,URBANA,MUNICIPAL,SIN_TOKENS
04-08-2755-46,CHIMALTENANGO,SAN MIGUEL POCHUTA,LICEO PRIVADO POCHUTECO CAMINO AL FUTURO,MUNICIPIO DE SAN MIGUEL POCHUTA,URBANA,PRIVADO,SIN_TOKENS
04-08-3079-46,CHIMALTENANGO,SAN MIGUEL POCHUTA,LICEO PRIVADO POCHUTECO CAMINO AL FUTURO,SAN MIGUEL POCHUTA,URBANA,PRIVADO,SIN_TOKENS
04-09-0007-46,CHIMALTENANGO,PATZICIA,"INSTITUTO NACIONAL DE EDUCACION DIVERSIFICADA ""PROFESORA AURA IRMA MENESES DE RAMIREZ""",EL BOSQUE,URBANA,OFICIAL,LONGITUD_INSUFICIENTE
04-09-0023-46,CHIMALTENANGO,PATZICIA,COLEGIO INTEGRAL MESOAMERICANO,KM. 69.5 CARRETERA INTERAMERICANA,URBANA,PRIVADO,URBANA_KM_SIN_CONTEXTO
04-09-0024-46,CHIMALTENANGO,PATZICIA,COLEGIO INTEGRAL MESOAMERICANO,KM. 69.5 CARRETERA INTERAMERICANA,URBANA,PRIVADO,URBANA_KM_SIN_CONTEXTO
04-10-0006-46,CHIMALTENANGO,SANTA CRUZ BALANYA,"INSTITUTO NACIONAL DE EDUCACIÓN DIVERSIFICADA ""CARLOS EMILIO LEONARDO""",CANTON EL PROGRESO,URBANA,OFICIAL,URBANA_SIN_EVIDENCIA
04-12-0042-46,CHIMALTENANGO,SAN PEDRO YEPOCAPA,INSTITUTO PRIVADO MIXTO ORIZABA,PRIMER CANTÓN,URBANA,PRIVADO,URBANA_SIN_EVIDENCIA
04-12-0043-46,CHIMALTENANGO,SAN PEDRO YEPOCAPA,INSTITUTO PRIVADO MIXTO ORIZABA,PRIMER CANTÓN,URBANA,PRIVADO,URBANA_SIN_EVIDENCIA
04-12-0044-46,CHIMALTENANGO,SAN PEDRO YEPOCAPA,INSTITUTO PRIVADO MIXTO ORIZABA,PRIMER CANTÓN,URBANA,PRIVADO,URBANA_SIN_EVIDENCIA
04-12-0051-46,CHIMALTENANGO,SAN PEDRO YEPOCAPA,INSTITUTO PRIVADO MIXTO ORIZABA,PRIMER CANTÓN,URBANA,PRIVADO,URBANA_SIN_EVIDENCIA
04-12-0055-46,CHIMALTENANGO,SAN PEDRO YEPOCAPA,INSTITUTO PRIVADO MIXTO ORIZABA,PRIMER CANTON,URBANA,PRIVADO,URBANA_SIN_EVIDENCIA
04-12-0059-46,CHIMALTENANGO,SAN PEDRO YEPOCAPA,INSTITUTO PRIVADO MIXTO ORIZABA,PRIMER CANTÓN,URBANA,PRIVADO,URBANA_SIN_EVIDENCIA
04-13-0005-46,CHIMALTENANGO,SAN ANDRES ITZAPA,"INSTITUTO NACIONAL DE EDUCACION DIVERSIFICADA ""ITZAPA""",CANTON SAN LORENZO,URBANA,OFICIAL,URBANA_SIN_EVIDENCIA
04-13-0016-46,CHIMALTENANGO,SAN ANDRES ITZAPA,LICEO CAMPO ALEGRE,CANTÓN SAN PEDRO Y SAN PABLO,URBANA,PRIVADO,URBANA_SIN_EVIDENCIA
04-13-0022-46,CHIMALTENANGO,SAN ANDRES ITZAPA,COLEGIO PRIVADO MIXTO SAN ANDRES,CANTON SAN LORENZO,URBANA,PRIVADO,URBANA_SIN_EVIDENCIA
04-13-0029-46,CHIMALTENANGO,SAN ANDRES ITZAPA,LICEO CIENTÍFICO GUATEMALTECO EN ARTE Y TECNOLOGÍA,CANTÓN SAN LORENZO,URBANA,PRIVADO,URBANA_SIN_EVIDENCIA
04-13-0033-46,CHIMALTENANGO,SAN ANDRES ITZAPA,LICEO CIENTÍFICO GUATEMALTECO EN ARTE Y TECNOLOGÍA,CANTON SAN LORENZO,URBANA,PRIVADO,URBANA_SIN_EVIDENCIA
04-13-0035-46,CHIMALTENANGO,SAN ANDRES ITZAPA,LICEO CIENTÍFICO GUATEMALTECO EN ARTE Y TECNOLOGÍA,CANTÓN SAN LORENZO,URBANA,PRIVADO,URBANA_SIN_EVIDENCIA
04-13-0037-46,CHIMALTENANGO,SAN ANDRES ITZAPA,LICEO CAMPO ALEGRE,CANTÓN SAN PEDRO Y SAN PABLO,URBANA,PRIVADO,URBANA_SIN_EVIDENCIA
04-13-0039-46,CHIMALTENANGO,SAN ANDRES ITZAPA,LICEO CIENTÍFICO GUATEMALTECO EN ARTE Y TECNOLOGÍA,CANTON SAN LORENZO,URBANA,PRIVADO,URBANA_SIN_EVIDENCIA
04-13-0042-46,CHIMALTENANGO,SAN ANDRES ITZAPA,CENTRO EDUCATIVO SHAMMAH CHRISTIAN SCHOOL,KM 60 CARRETERA A SAN ANDRÉS ITZAPA,URBANA,PRIVADO,URBANA_KM_SIN_CONTEXTO
04-13-0598-46,CHIMALTENANGO,SAN ANDRES ITZAPA,COLEGIO PRIVADO MIXTO SAN ANDRES,CANTON SAN LORENZO,URBANA,PRIVADO,URBANA_SIN_EVIDENCIA
04-13-3232-46,CHIMALTENANGO,SAN ANDRES ITZAPA,LICEO CAMPO ALEGRE,CANTON SAN PEDRO Y SAN PABLO,URBANA,PRIVADO,URBANA_SIN_EVIDENCIA
04-14-0010-46,CHIMALTENANGO,PARRAMOS,"INSTITUTO NACIONAL DE EDUCACION DIVERSIFICADA ""KOTZIJAL QUINAQ"" (FLOR DE FRIJOL)",CANTON LA UNION,URBANA,OFICIAL,URBANA_SIN_EVIDENCIA
04-14-0023-46,CHIMALTENANGO,PARRAMOS,COLEGIO BILINGÜE EN COMPUTACIÓN SAN BERNABÉ,"KILÓMETRO 63, CARRETERA A SAN PEDRO YEPOCAPA, ALDEA SAN BERNABÉ",URBANA,PRIVADO,URBANA_KM_SIN_CONTEXTO
04-14-0029-46,CHIMALTENANGO,PARRAMOS,COLEGIO CRISTIANO LOS BRAZOS DE JESÚS,CANTÓN LA UNIÓN,URBANA,PRIVADO,URBANA_SIN_EVIDENCIA
04-16-0005-46,CHIMALTENANGO,EL TEJAR,"INSTITUTO NACIONAL DE EDUCACIÓN DIVERSIFICADA ""SANTO DOMINGO""",LOMAS DEL PERICÓN,URBANA,OFICIAL,SIN_TOKENS
20-03-0144-45,CHIQUIMULA,SAN JUAN ERMITA,INSTITUTO DE EDUCACIÓN BÁSICA POR COOPERATIVA,SAN JUAN ERMITA,URBANA,COOPERATIVA,SIN_TOKENS
20-06-0019-45,CHIQUIMULA,OLOPA,INEB,OLOPA,URBANA,OFICIAL,LONGITUD_INSUFICIENTE
20-07-0077-45,CHIQUIMULA,ESQUIPULAS,INEB,LOTIFICACION VALLE DE MARIA,URBANA,OFICIAL,SIN_TOKENS
20-08-0005-45,CHIQUIMULA,CONCEPCION LAS MINAS,INSTITUTO NACIONAL DE EDUCACIÓN BÁSICA JUAN ANTONIO VANEGAS HERNÁNDEZ,A UN COSTADO DE LA MUNICIPALIDAD,URBANA,OFICIAL,SIN_TOKENS
20-05-0087-46,CHIQUIMULA,CAMOTAN,INSTITUTO NACIONAL DE EDUCACION DIVERSIFICADA,ALDEA MUYURCO,URBANA,OFICIAL,URBANA_SIN_EVIDENCIA
20-06-1787-46,CHIQUIMULA,OLOPA,INSTITUTO DIVERSIFICADO POR COOPERATIVA DE ENSEÑANZA LIC. MARIO ROLANDO TORRES MARROQUIN,OLOPA,URBANA,COOPERATIVA,LONGITUD_INSUFICIENTE
02-01-0047-45,EL PROGRESO,GUASTATOYA,CENTRO DE EDUCACIÓN EXTRAESCOLAR -CEEX- MUNICIPALIDAD DE GUASTATOYA,COLONIA LINDA VISTA,RURAL,MUNICIPAL,RURAL_SOLO_TOKENS_URBANOS
02-01-0070-45,EL PROGRESO,GUASTATOYA,CENTRO DE EDUCACIÓN EXTRAESCOLAR -CEEX- DEPARTAMENTAL MODALIDADES FLEXIBLES,BARRIO LAS JOYAS CEMENTERIO VIEJO,RURAL,OFICIAL,RURAL_SOLO_TOKENS_URBANOS
02-01-0072-45,EL PROGRESO,GUASTATOYA,INSTITUTO DE EDUCACION MEDIA POR MADUREZ,GUASTATOYA EL PROGRESO,URBANA,PRIVADO,SIN_TOKENS
02-04-0111-45,EL PROGRESO,SAN CRISTOBAL ACASAGUASTLAN,IEBC DE ENSEÑANZA JOSE SALOMON MORALES ROMERO,SAN CRISTOBAL ACASAGUASTLAN,URBANA,COOPERATIVA,SIN_TOKENS
02-04-0749-45,EL PROGRESO,SAN CRISTOBAL ACASAGUASTLAN,INSTITUTO MIXTO PRIVADO SAN CRISTOBAL,SAN CRISTOBAL ACASAGUASTLAN,URBANA,PRIVADO,SIN_TOKENS
02-05-0020-45,EL PROGRESO,EL JICARO,INSTITUTO DE EDUCACIÓN BASICA Y BACHILLERATO POR MADUREZ,JICARO,URBANA,PRIVADO,LONGITUD_INSUFICIENTE
02-06-0025-45,EL PROGRESO,SANSARE,INSTITUTO MUNICIPAL DE EDUCACIÓN BÁSICA Y BACHILLERATO POR MADUREZ,SALIDA A BUENA VISTA,URBANA,MUNICIPAL,SIN_TOKENS
02-07-0046-45,EL PROGRESO,SANARATE,COLEGIO VERMONT LARREA,ZONA O PLAN MONTE GRANDE,RURAL,PRIVADO,RURAL_SOLO_TOKENS_URBANOS
02-08-0223-45,EL PROGRESO,SAN ANTONIO LA PAZ,IEBC DE ENSEÑANZA,SAN ANTONIO LA PAZ,URBANA,COOPERATIVA,SIN_TOKENS
05-01-0120-45,ESCUINTLA,ESCUINTLA,CENTRO ESCOLAR NUESTRA SEÑORA DE CONCEPCION,KM. 59 CARRETERA A SANTA LUCIA COTZUMALGUAPA,URBANA,PRIVADO,URBANA_KM_SIN_CONTEXTO
05-01-0157-45,ESCUINTLA,ESCUINTLA,INEB DE TELESECUNDARIA,COLONIA MONTERREY,RURAL,OFICIAL,RURAL_SOLO_TOKENS_URBANOS
05-01-0159-45,ESCUINTLA,ESCUINTLA,INEB DE TELESECUNDARIA,COLONIA HUNAPU ESCUINTLA,RURAL,OFICIAL,RURAL_SOLO_TOKENS_URBANOS
05-01-0195-45,ESCUINTLA,ESCUINTLA,INEB DE TELESECUNDARIA,COLONIA SAN GABRIEL,RURAL,OFICIAL,RURAL_SOLO_TOKENS_URBANOS
05-01-0264-45,ESCUINTLA,ESCUINTLA,INSTITUTO DE EDUCACIÓN BÁSICA POR COOPERATIVA,6A. CALLE Y 1A. AVENIDA 1-21 ZONA 2 COLONIA PALMERAS DEL NORTE,RURAL,COOPERATIVA,RURAL_CON_ZONA_NUM
05-01-0372-45,ESCUINTLA,ESCUINTLA,COLEGIO CRISTIANO MONTE MORIAH,2DA. AVENIDA 3-80 ZONA 3 COLONIA AGUAS VIVAS,RURAL,PRIVADO,RURAL_CON_ZONA_NUM
05-01-0418-45,ESCUINTLA,ESCUINTLA,"""CENTRO DE EDUCACIÓN EXTRAESCOLAR -CEEX- DEPARTAMENTAL""","1RA AV. CENTRO COMERCIAL PLAZA PALMERAS LOCAL 37 Y 37 ""A"" ZONA 1",RURAL,OFICIAL,RURAL_CON_ZONA_NUM
05-01-0435-45,ESCUINTLA,ESCUINTLA,COLEGIO CARROUSEL.,25 CALLE 0-09 ZONA 5 CAÑAVERAL IV,RURAL,PRIVADO,RURAL_CON_ZONA_NUM
05-01-0658-45,ESCUINTLA,ESCUINTLA,IEBC DE ENSEÑANZA 'ALEJANDRO LUNA RICHARDSON',COLONIA LOS PRADOS DEL RIO,RURAL,COOPERATIVA,RURAL_SOLO_TOKENS_URBANOS
05-01-2657-45,ESCUINTLA,ESCUINTLA,IEBC INSTITUTO DE EDUCACION BASICA POR COOPERATIVA,"4A. AVENIDA 22-04 ZONA 5, COLONIA CA&AVERAL I",RURAL,COOPERATIVA,RURAL_CON_ZONA_NUM
05-01-2693-45,ESCUINTLA,ESCUINTLA,IEBC DE ENSEÑANZA,"2A. AVENIDA 2-60 ZONA 4, COLONIA LA CEIBA",RURAL,COOPERATIVA,RURAL_CON_ZONA_NUM
05-01-3056-45,ESCUINTLA,ESCUINTLA,'COLEGIO CARROUSEL',"25 CALLE 0-09 ZONA 5, COLONIA CAÑAVERAL IV",RURAL,PRIVADO,RURAL_CON_ZONA_NUM
05-01-3099-45,ESCUINTLA,ESCUINTLA,COLEGIO CARROUSEL,"25 CALLE 0-09 ZONA 5, COLONIA CAÑAVERAL IV",RURAL,PRIVADO,RURAL_CON_ZONA_NUM
05-02-0022-45,ESCUINTLA,SANTA LUCIA COTZUMALGUAPA,INSTITUTO NACIONAL DE EDUCACION BASICA,1 CALLE COLONIA VISTA LINDA,RURAL,OFICIAL,RURAL_SOLO_TOKENS_URBANOS
05-02-0130-45,ESCUINTLA,SANTA LUCIA COTZUMALGUAPA,LICEO PREUNIVERSITARIO DEL SUR,4TA. AVE. 2-39,URBANA,PRIVADO,SIN_TOKENS
05-02-0256-45,ESCUINTLA,SANTA LUCIA COTZUMALGUAPA,INSTITUTO PRIVADO MIXTO DE COMPUTACIÓN INFORMÁTICA,KM. 87.5 CARRETERA CA-2 AL PACÍFICO.,URBANA,PRIVADO,URBANA_KM_SIN_CONTEXTO
05-02-0836-45,ESCUINTLA,SANTA LUCIA COTZUMALGUAPA,COLEGIO COSTASUR,CAMINO A VISTA LINDA CONTIGUO AL HIPÓDROMO MUNICIPAL 0-1,RURAL,PRIVADO,SIN_TOKENS
05-02-0949-45,ESCUINTLA,SANTA LUCIA COTZUMALGUAPA,IPMB DE COMPUTACION INFORMATICA,KM 87.5 CARRETERA CA-2 AL PACIFICO.,URBANA,PRIVADO,URBANA_KM_SIN_CONTEXTO
05-02-2440-45,ESCUINTLA,SANTA LUCIA COTZUMALGUAPA,INSTITUTO NACIONAL DE EDUCACION BASICA DE TELESECUNDARIA,4A. CALLE FRACCION 276 COLONIA MAYA,RURAL,OFICIAL,RURAL_SOLO_TOKENS_URBANOS
05-02-2603-45,ESCUINTLA,SANTA LUCIA COTZUMALGUAPA,INSTITUTO PRIVADO MIXTO DE COMPUTACION INFORMATICA,KM 87.5 CARRETERA CA-2 AL PACIFICO.,URBANA,PRIVADO,URBANA_KM_SIN_CONTEXTO
05-02-2998-45,ESCUINTLA,SANTA LUCIA COTZUMALGUAPA,INSTITUTO MUNICIPAL DE EDUCACION BASICA COLONIA OCHO DE FEBRERO,1A. AVENIDA A ENTRE 1A. Y 2A. CALLE COLONIA OCHO DE FEBRERO,RURAL,MUNICIPAL,RURAL_SOLO_TOKENS_URBANOS
05-04-0028-45,ESCUINTLA,SIQUINALA,INSTITUTO MIXTO MUNICIPAL DE EDUCACION BASICA,COLONIA TIERRA VERDE,RURAL,MUNICIPAL,RURAL_SOLO_TOKENS_URBANOS
05-04-0040-45,ESCUINTLA,SIQUINALA,INSTITUTO OFICIAL DE EDUCACIÓN BÁSICA DE TELESECUNDARIA,LOTIFICACION PEÑA FLOR,RURAL,OFICIAL,SIN_TOKENS
05-04-0049-45,ESCUINTLA,SIQUINALA,INSTITUTO MIXTO MUNICIPAL DE EDUCACIÓN BÁSICA Y BACHILLERATO POR MADUREZ.,COLONOA TIERRA VERDE,RURAL,MUNICIPAL,SIN_TOKENS
05-04-0051-45,ESCUINTLA,SIQUINALA,INSTITUTO DE EDUCACIÓN BÁSICA Y DIVERSIFICADO PARA ADULTOS FUNDACIÓN PANTALEÓN,INGENIO PANTALEÓN,RURAL,PRIVADO,SIN_TOKENS
05-04-0262-45,ESCUINTLA,SIQUINALA,IEBC DE ENSEÑANZA PROFESOR GUILLERMO ARMANDO DAVILA HERNANDEZ,INTERIOR ESTADIO MUNICIPAL,URBANA,COOPERATIVA,SIN_TOKENS
05-04-2448-45,ESCUINTLA,SIQUINALA,INSTITUTO DE EDUCACION BASICA Y DIVERSIFICADO PARA ADULTOS FUNDACION PANTALEON,INGENIO PANTALEON,RURAL,PRIVADO,SIN_TOKENS
05-05-0022-45,ESCUINTLA,MASAGUA,INSTITUTO MUNICIPAL DE EDUCACION BASICA Y DIVERSIFICADO,"5 CALLE, 3-08 CALLE PRINCIPAL",RURAL,MUNICIPAL,RURAL_SOLO_TOKENS_URBANOS
05-05-0038-45,ESCUINTLA,MASAGUA,LICEO MIXTO BILINGÜE EMPRESARIAL,1A CALLE 0-23 COLONIA EL ESFUERZO,RURAL,PRIVADO,RURAL_SOLO_TOKENS_URBANOS
05-06-0041-45,ESCUINTLA,TIQUISATE,LICEO EN INFORMATICA Y CIENCIAS AVANZADAS CERMA,KILOMETRO 144 SALIDA A RÍO BRAVO,URBANA,PRIVADO,URBANA_KM_SIN_CONTEXTO
05-06-0104-45,ESCUINTLA,TIQUISATE,LICEO CRISTIANO SHALEM,"PARCELAS MUNICIPALES, EL ASTILLERO",URBANA,PRIVADO,URBANA_SIN_EVIDENCIA
05-06-0112-45,ESCUINTLA,TIQUISATE,INSTITUTO TECNOLOGÍA Y CIENCIA,"VILLA CHINITO, KILOMETRO 143 FRENTE AL HOSPITAL NACIONAL DE TIQUISATE",URBANA,PRIVADO,URBANA_KM_SIN_CONTEXTO
05-06-0120-45,ESCUINTLA,TIQUISATE,COLEGIO AMERICANO NUESTRA FAMILIA.,KILOMETRO 143.5 FRENTE AL HOSPITAL NACIONAL.,URBANA,PRIVADO,URBANA_KM_SIN_CONTEXTO
05-06-0128-45,ESCUINTLA,TIQUISATE,INSTITUTO TECNOLOGÍA Y CIENCIA,"VILLA CHINITO, KM. 143 FRENTE AL HOSPITAL NACIONAL",URBANA,PRIVADO,URBANA_KM_SIN_CONTEXTO
05-06-0137-45,ESCUINTLA,TIQUISATE,LICEO CRISTIANO SHALEM,"PARCELAS MUNICIPALES, EL ASTILLERO",URBANA,PRIVADO,URBANA_SIN_EVIDENCIA
05-06-0141-45,ESCUINTLA,TIQUISATE,LICEO EN INFORMÁTICA Y CIENCIAS AVANZADAS CERMA,KILOMETRO 144 SALIDA A RÍO BRAVO.,URBANA,PRIVADO,URBANA_KM_SIN_CONTEXTO
05-06-0147-45,ESCUINTLA,TIQUISATE,COLEGIO CRISTIANO SOL DE JUSTICIA,LOTIFICACIÓN PRADOS DE SAN JUAN LA NORIA,RURAL,PRIVADO,SIN_TOKENS
05-06-0365-45,ESCUINTLA,TIQUISATE,IPMB LICEO CRISTIANO SHALEM,"PARCELAS MUNICIPALES, EL ASTILLERO",URBANA,PRIVADO,URBANA_SIN_EVIDENCIA
05-07-0057-45,ESCUINTLA,LA GOMERA,"INSTITUTO MUNICIPAL DE EDUCACIÓN BÁSICA Y BACHILLERATO POR MADUREZ ""SANTA CATALINA""",CALZADA EUFRACIA TAMBITO,RURAL,MUNICIPAL,RURAL_SOLO_TOKENS_URBANOS
05-07-0059-45,ESCUINTLA,LA GOMERA,"COLEGIO PARTICULAR MIXTO ""ROSALES""",2A. CALLE A BARRIO CHIPILAPA.,RURAL,PRIVADO,RURAL_SOLO_TOKENS_URBANOS
05-07-0064-45,ESCUINTLA,LA GOMERA,"COLEGIO MIXTO ""LUIS CARDOZA Y ARAGÓN""",4A AVE 5-112 BARRIO CHIPILAPA ZONA 0,RURAL,PRIVADO,RURAL_CON_ZONA_NUM
05-07-0070-45,ESCUINTLA,LA GOMERA,INSTITUTO MUNICIPAL DE EDUCACIÓN BÁSICA Y DIVERSIFICADO,CALZADA EUFRACIA TAMBITO,RURAL,MUNICIPAL,RURAL_SOLO_TOKENS_URBANOS
05-07-0072-45,ESCUINTLA,LA GOMERA,"COLEGIO MIXTO ""LUIS CARDOZA Y ARAGÓN"".","4A AVENIDA 5-112, BARRIO CHIPILAPA",RURAL,PRIVADO,RURAL_SOLO_TOKENS_URBANOS
05-07-0075-45,ESCUINTLA,LA GOMERA,"COLEGIO MIXTO ""LUIS CARDOZA Y ARAGÓN"".","4A AVENIDA 5-112, BARRIO CHIPILAPA",RURAL,PRIVADO,RURAL_SOLO_TOKENS_URBANOS
05-07-0086-45,ESCUINTLA,LA GOMERA,COLEGIO PARTICULAR MIXTO ROSALES,"2A. CALLE A, BARRIO CHIPILAPA INSTALACIONES DEL INSTITUTO MIXTO DE EDUCACIÓN DIVERSIFICADA I.M.E.D. ARISTIDES CRESPO VILLEGAS",RURAL,PRIVADO,RURAL_SOLO_TOKENS_URBANOS
05-08-0063-45,ESCUINTLA,GUANAGAZAPA,COLEGIO MIXTO LA OPORTUNIDAD,2A AVENIDA 6-21 ZONA 1 INSTALACIONES DEL INSTITUTO DE EDUCACIÓN DIVERSIFICADA,RURAL,PRIVADO,RURAL_CON_ZONA_NUM
05-09-0001-45,ESCUINTLA,SAN JOSE,INSTITUTO NACIONAL DE EDUCACION BASICA DE TELESECUNDARIA,BARRIO LOS ENCUENTROS,RURAL,OFICIAL,RURAL_SOLO_TOKENS_URBANOS
05-09-0051-45,ESCUINTLA,SAN JOSE,"INSTITUTO DE EDUCACION BASICA POR COOPERATIVA DE ENSEÑANZA ""LA ESPERANZA""",2DA AVENIDA COLONIA SANTA ANITA,RURAL,COOPERATIVA,RURAL_SOLO_TOKENS_URBANOS
05-09-0079-45,ESCUINTLA,SAN JOSE,"COLEGIO PREUNIVERSITARIO ""SAN PABLO""",CHÁCARA SAN JOAQUÍN INTERIOR NO. 5 COLONIA EL JARDIN,RURAL,PRIVADO,RURAL_SOLO_TOKENS_URBANOS
05-09-0080-45,ESCUINTLA,SAN JOSE,"COLEGIO PREUNIVERSITARIO ""SAN PABLO""",CHÁCARA SAN JOAQUÍN INTERIOR NO. 5 COLONIA EL JARDIN,RURAL,PRIVADO,RURAL_SOLO_TOKENS_URBANOS
05-10-0034-45,ESCUINTLA,IZTAPA,"COLEGIO PARTICULAR MIXTO ""IXTAPAN""",5TA. AVE. 3-80 ZONA 1 BARRIO EL MORÓN.,RURAL,PRIVADO,RURAL_CON_ZONA_NUM
05-11-0041-45,ESCUINTLA,PALIN,INEB DE TELESECUNDARIA,COLONIA VALLE DE LAS FLORES,RURAL,OFICIAL,RURAL_SOLO_TOKENS_URBANOS
05-11-0047-45,ESCUINTLA,PALIN,COLEGIO INTEGRAL BILINGUE ENGLISH CLUB,FINCA NATIVIDAD NO. 102 BIFURCACIÓN AGRICOLA PANTIAGUATE,URBANA,PRIVADO,URBANA_SIN_EVIDENCIA
05-11-0063-45,ESCUINTLA,PALIN,LICEO CRISTIANO BILINGÜE SANTIDAD Y PODER,KM. 39.5 CARRETERA A PALIN,URBANA,PRIVADO,URBANA_KM_SIN_CONTEXTO
05-11-0112-45,ESCUINTLA,PALIN,"CENTRO EDUCATIVO PRIVADO ""SAN ESTEBAN""","4A. AVENIDA 4-16, ZONA 5",RURAL,PRIVADO,RURAL_CON_ZONA_NUM
05-11-0116-45,ESCUINTLA,PALIN,LICEO CRISTIANO BILINGÜE SANTIDAD Y PODER,KM. 39.5 CARRETERA AL PACIFICO,URBANA,PRIVADO,URBANA_KM_SIN_CONTEXTO
05-13-0044-45,ESCUINTLA,NUEVA CONCEPCION,INEB,CALLE BELICE BARRIO SANTA TERESA,RURAL,OFICIAL,RURAL_SOLO_TOKENS_URBANOS
05-13-0052-45,ESCUINTLA,NUEVA CONCEPCION,INEB DE TELESECUNDARIA,TROCHA 4 CALLE PALO BLANCO,RURAL,OFICIAL,RURAL_SOLO_TOKENS_URBANOS
05-13-0060-45,ESCUINTLA,NUEVA CONCEPCION,IEBC DE ENSEÑANZA,TROCHA 5 CALLE 11,RURAL,COOPERATIVA,RURAL_SOLO_TOKENS_URBANOS
05-13-0116-45,ESCUINTLA,NUEVA CONCEPCION,"COLEGIO PARTICULAR MIXTO ""HERENCIA DE VIDA""",CASERÍO LOS CERRITOS,URBANA,PRIVADO,URBANA_SIN_EVIDENCIA
05-13-0766-45,ESCUINTLA,NUEVA CONCEPCION,IEBC TROCHA TRES,"TROCHA TRES, CALLE VIEJA NUEVA CONCEPCION ESCUINTLA",RURAL,COOPERATIVA,RURAL_SOLO_TOKENS_URBANOS
05-13-2957-45,ESCUINTLA,NUEVA CONCEPCION,IEBC DE ENSEÑANZA,TROCHA 8 CALLE DEL BANCO,RURAL,COOPERATIVA,RURAL_SOLO_TOKENS_URBANOS
05-14-0032-45,ESCUINTLA,SIPACATE,COLEGIO MIXTO LA LIBERTAD,5A CALLE 0-12,RURAL,PRIVADO,RURAL_SOLO_TOKENS_URBANOS
05-14-0035-45,ESCUINTLA,SIPACATE,INSTITUTO NACIONAL DE EDUCACIÓN BÁSICA DE TELESECUNDARIA,1A CALLE 1-02 SAN JOSÉ LA EMPALIZADA,RURAL,OFICIAL,RURAL_SOLO_TOKENS_URBANOS
05-14-0049-45,ESCUINTLA,SIPACATE,COLEGIO PARTICULAR MIXTO ROSALES,13 AVE. 3-47,RURAL,PRIVADO,SIN_TOKENS
05-01-0119-46,ESCUINTLA,ESCUINTLA,CENTRO ESCOLAR NUESTRA SEÑORA DE CONCEPCION,KM. 59 CARRETERA A SANTA LUCIA COTZUMALGUAPA,URBANA,PRIVADO,URBANA_KM_SIN_CONTEXTO
05-01-0259-46,ESCUINTLA,ESCUINTLA,COLEGIO INTERNACIONAL FUTURE LEARNING CENTER FLC,KM. 60 LA FELICIDAD SALIDA A PUERTO SAN JOSÉ ESCUINTLA,URBANA,PRIVADO,URBANA_KM_SIN_CONTEXTO
05-01-0387-46,ESCUINTLA,ESCUINTLA,COLEGIO CRISTIANO MONTE MORIAH,2DA. AVENIDA 3-80 ZONA 3 COLONIA AGUAS VIVAS,RURAL,PRIVADO,RURAL_CON_ZONA_NUM
05-01-0411-46,ESCUINTLA,ESCUINTLA,INSTITUTO DE EDUCACIÓN DIVERSIFICADA POR COOPERATIVA DE ENSEÑANZA,COMUIDAD AGRAGIRA SAN ANDRÉS OSUNA.,RURAL,COOPERATIVA,SIN_TOKENS
05-01-0417-46,ESCUINTLA,ESCUINTLA,CENTRO DE EDUCACIÓN EXTRAESCOLAR -CEEX- DEPARTAMENTAL,"LOCAL 37 Y 37 ""A"" CENTRO COMERCIAL PLAZA PALMERAS 1 AVE BARRIO SAN PEDRO EL PITO, ZONA 2",RURAL,OFICIAL,RURAL_CON_ZONA_NUM
05-01-0425-46,ESCUINTLA,ESCUINTLA,"INSTITUTO MIXTO PARTICULAR DE EDUCACIÓN BÁSICA Y DIVERSIFICADA ""ALMA LIBERTAD PÉREZ MARTÍNEZ"".","ESCUELA OFICIAL RURAL MIXTA GONZALO ADOLFO SANTIZO, 4TA. AVENIDA 22-04 ZONA 5 COLONIA CAÑAVERAL 1",RURAL,PRIVADO,RURAL_CON_ZONA_NUM
05-01-0436-46,ESCUINTLA,ESCUINTLA,COLEGIO CARROUSEL.,25 CALLE 0-09 ZONA 5 CAÑAVERAL IV,RURAL,PRIVADO,RURAL_CON_ZONA_NUM
05-01-0463-46,ESCUINTLA,ESCUINTLA,"INSTITUTO OFICIAL MIXTO DE EDUCACIÓN BÁSICA Y BACHILLERATO POR MADUREZ ""PALMERAS""",KM 68.5 CARRETERA A TAXISCO GRANJA MODELO DE REHABILITACIÓN CANADA CON COBERTURA EN ALTA SEGURIDAD,URBANA,OFICIAL,URBANA_KM_SIN_CONTEXTO
05-01-2511-46,ESCUINTLA,ESCUINTLA,ESCUELA NORMAL DE EDUCACION FISICA,KM. 54 CARRETERA AL PACIFICO,URBANA,OFICIAL,URBANA_KM_SIN_CONTEXTO
05-02-0113-46,ESCUINTLA,SANTA LUCIA COTZUMALGUAPA,INSTITUTO TÉCNICO DE CAPACITACIÓN Y PRODUCTIVIDAD INTECAP,KM 93 CARRETERA CA2 A MAZATENANGO,URBANA,PRIVADO,URBANA_KM_SIN_CONTEXTO
05-02-0257-46,ESCUINTLA,SANTA LUCIA COTZUMALGUAPA,INSTITUTO PRIVADO MIXTO DE COMPUTACIÓN INFORMÁTICA,KM. 87.5 CARRETERA CA-2 AL PACÍFICO.,URBANA,PRIVADO,URBANA_KM_SIN_CONTEXTO
05-02-0785-46,ESCUINTLA,SANTA LUCIA COTZUMALGUAPA,INSTITUTO PRIVADO MIXTO DE COMPUTACION INFORMATICA,KM 87.5 CARRETERA CA-2 AL PACIFICO.,URBANA,PRIVADO,URBANA_KM_SIN_CONTEXTO
05-02-1969-46,ESCUINTLA,SANTA LUCIA COTZUMALGUAPA,COLEGIO COSTASUR,CAMINO A VISTA LINDA CONTIGUO AL HIPÓDROMO MUNICIPAL 0-1,RURAL,PRIVADO,SIN_TOKENS
05-02-2556-46,ESCUINTLA,SANTA LUCIA COTZUMALGUAPA,INSTITUTO PRIVADO MIXTO DE COMPUTACION INFORMATICA,KM 87.5 CARRETERA CA-2 AL PACIFICO.,URBANA,PRIVADO,URBANA_KM_SIN_CONTEXTO
05-04-0034-46,ESCUINTLA,SIQUINALA,INSTITUTO DE EDUCACIÓN BÁSICA Y DIVERSIFICADO PARA ADULTOS FUNDACIÓN PANTALEON,INGENIO PANTALEON,RURAL,PRIVADO,SIN_TOKENS
05-04-0039-46,ESCUINTLA,SIQUINALA,INSTITUTO BASICO Y DIVERSIFICADO FUNDACIÓN PANTALEON.,INGENIO PANTALEON,RURAL,PRIVADO,SIN_TOKENS
05-04-0050-46,ESCUINTLA,SIQUINALA,INSTITUTO MIXTO MUNICIPAL DE EDUCACIÓN BÁSICA Y BACHILLERATO POR MADUREZ.,COLONIA TIERRA VERDE,RURAL,MUNICIPAL,RURAL_SOLO_TOKENS_URBANOS
05-04-0052-46,ESCUINTLA,SIQUINALA,INSTITUTO DE EDUCACIÓN BÁSICA Y DIVERSIFICADO PARA ADULTOS FUNDACIÓN PANTALEÓN,INGENIO PANTALEÓN,RURAL,PRIVADO,SIN_TOKENS
05-04-2449-46,ESCUINTLA,SIQUINALA,INSTITUTO DE EDUCACIÓN BÁSICA Y DIVERSIFICADO PARA ADULTOS FUNDACIÓN PANTALEON,INGENIO PANTALEON,RURAL,PRIVADO,SIN_TOKENS
05-05-0025-46,ESCUINTLA,MASAGUA,INSTITUTO MUNICIPAL DE EDUCACION BASICA Y DIVERSIFICADO,"5 CALLE, 3-08 CALLE PRINCIPAL",RURAL,MUNICIPAL,RURAL_SOLO_TOKENS_URBANOS
05-05-0039-46,ESCUINTLA,MASAGUA,LICEO MIXTO BILINGÜE EMPRESARIAL,1A CALLE 0-23 COLONIA EL ESFUERZO,RURAL,PRIVADO,RURAL_SOLO_TOKENS_URBANOS
05-05-0040-46,ESCUINTLA,MASAGUA,LICEO MIXTO BILINGÜE EMPRESARIAL,1A CALLE 0-23 COLONIA EL ESFUERZO,RURAL,PRIVADO,RURAL_SOLO_TOKENS_URBANOS
05-06-0028-46,ESCUINTLA,TIQUISATE,LICEO CRISTIANO SHALEM,"PARCELAS MUNICIPALES, EL ASTILLERO",URBANA,PRIVADO,URBANA_SIN_EVIDENCIA
05-06-0091-46,ESCUINTLA,TIQUISATE,LICEO EN INFORMATICA Y CIENCIAS AVANZADAS CERMA,KILÓMETRO 144 SALIDA A RÍO BRAVO,URBANA,PRIVADO,URBANA_KM_SIN_CONTEXTO
05-06-0127-46,ESCUINTLA,TIQUISATE,COLEGIO LUIS CARDOZA Y ARAGÓN,KILOMETRO 143 LOTE NO. 2 CARRETERA A TIQUISATE,URBANA,PRIVADO,URBANA_KM_SIN_CONTEXTO
05-06-0129-46,ESCUINTLA,TIQUISATE,INSTITUTO TECNOLGÍA Y CIENCIA,"VILA CHINITO, KM. 143 FRENTE AL HOSPITAL NACIONAL.",URBANA,PRIVADO,URBANA_KM_SIN_CONTEXTO
05-06-0130-46,ESCUINTLA,TIQUISATE,INSTITUTO TECNOLOGÍA Y CIENCIA,"VILLA CHINITO, KM. 143 FRENTE AL HOSPITAL NACIONAL",URBANA,PRIVADO,URBANA_KM_SIN_CONTEXTO
05-06-0138-46,ESCUINTLA,TIQUISATE,LICEO CRISTIANO SHALEM,"PARCELAS MUNICIPALES, EL ASTILLERO",URBANA,PRIVADO,URBANA_SIN_EVIDENCIA
05-06-0142-46,ESCUINTLA,TIQUISATE,LICEO EN INFORMÁTICA Y CIENCIAS AVANZADAS CERMA,KILOMETRO 144 SALIDA A RÍO BRAVO,URBANA,PRIVADO,URBANA_KM_SIN_CONTEXTO
05-06-0145-46,ESCUINTLA,TIQUISATE,COLEGIO AMERICANO NUESTRA FAMILIA,KM. 143.5 FRENTE AL HOSPITAL NACIONAL DE TIQUISATE,URBANA,PRIVADO,URBANA_KM_SIN_CONTEXTO
05-06-0148-46,ESCUINTLA,TIQUISATE,COLEGIO CRISTIANO SOL DE JUSTICIA,LOTIFICACIÓN PRADOS DE SAN JUAN LA NORIA,RURAL,PRIVADO,SIN_TOKENS
05-07-0058-46,ESCUINTLA,LA GOMERA,"COLEGIO PARTICULAR MIXTO ""ROSALES""",2A. CALLE BARRIO CHIPILAPA,RURAL,PRIVADO,RURAL_SOLO_TOKENS_URBANOS
05-07-0060-46,ESCUINTLA,LA GOMERA,INSTITUTO MIXTO MUNICIPAL DE EDUCACIÓN BÁSICA Y BACHILLERATO POR MADUREZ,CALZADA EUFRACIA TAMBITO,RURAL,MUNICIPAL,RURAL_SOLO_TOKENS_URBANOS
05-07-0063-46,ESCUINTLA,LA GOMERA,"COLEGIO MIXTO ""LUIS CARDOZA Y ARAGÓN""",4A AVENIDA 5-112 BARRIO CHIPILAPA,RURAL,PRIVADO,RURAL_SOLO_TOKENS_URBANOS
05-07-0066-46,ESCUINTLA,LA GOMERA,"COLEGIO MIXTO ""LUIS CARDOZA Y ARAGÓN""",4A AVENIDA 5-112 BARRIO CHIPILAPA,RURAL,PRIVADO,RURAL_SOLO_TOKENS_URBANOS
05-07-0067-46,ESCUINTLA,LA GOMERA,"COLEGIO MIXTO ""LUIS CARDOZA Y ARAGÓN"".",4A AVENIDA 5-112 BARRIO CHIPILAPA,RURAL,PRIVADO,RURAL_SOLO_TOKENS_URBANOS
05-07-0071-46,ESCUINTLA,LA GOMERA,INSTITUTO MUNICIPAL DE EDUCACIÓN BÁSICA Y DIVERSIFICADO,CALZADA EUFRACIA TAMBITO,RURAL,MUNICIPAL,RURAL_SOLO_TOKENS_URBANOS
05-07-0074-46,ESCUINTLA,LA GOMERA,"COLEGIO MIXTO ""LUIS CARDOZA Y ARAGÓN"".",4A AVENIDA 5-112 BARRIO CHIPILAPA,RURAL,PRIVADO,RURAL_SOLO_TOKENS_URBANOS
05-07-0085-46,ESCUINTLA,LA GOMERA,COLEGIO PARTICULAR MIXTO ROSALES,"2A. CALLE A, BARRIO CHIPILAPA INSTALACIONES DEL INSTITUTO MIXTO DE EDUCACIÓN DIVERSIFICADA I.M.E.D. ARISTIDES CRESPO VILLEGAS",RURAL,PRIVADO,RURAL_SOLO_TOKENS_URBANOS
05-07-2549-46,ESCUINTLA,LA GOMERA,INSTITUTO MIXTO DE EDUCACION DIVERSIFICADO POR COOPERATIVA 'ARISTIDES CRESPO VILLEGAS',BARRIO CHIPILAPA,RURAL,COOPERATIVA,RURAL_SOLO_TOKENS_URBANOS
05-09-0081-46,ESCUINTLA,SAN JOSE,"COLEGIO PREUNIVERSITARIO ""SAN PABLO""",CHÁCARA SAN JOAQUÍN INTERIOR NO. 5 COLONIA EL JARDIN,RURAL,PRIVADO,RURAL_SOLO_TOKENS_URBANOS
05-09-0082-46,ESCUINTLA,SAN JOSE,"COLEGIO PREUNIVERSITARIO ""SAN PABLO""",CHÁCARA SAN JOAQUÍN INTERIOR NO. 5 COLONIA EL JARDÍN,RURAL,PRIVADO,RURAL_SOLO_TOKENS_URBANOS
05-09-0083-46,ESCUINTLA,SAN JOSE,"COLEGIO PREUNIVERSITARIO ""SAN PABLO""",CHÁCARA SAN JOAQUÍN INTERIOR NO. 5 COLONIA SAN JOAQUÍN,RURAL,PRIVADO,RURAL_SOLO_TOKENS_URBANOS
05-09-0086-46,ESCUINTLA,SAN JOSE,"COLEGIO PREUNIVERSITARIO ""SAN PABLO""",CHÁCARA SAN JOAQUÍN INTERIOR NO. 5 COLONIA SAN JOAQUÍN,RURAL,PRIVADO,RURAL_SOLO_TOKENS_URBANOS
05-09-0087-46,ESCUINTLA,SAN JOSE,"COLEGIO PREUNIVERSITARIO ""SAN PABLO""",CHÁCARA SAN JOAQUÍN INTERIOR NO. 5 5 COLONIA EL JARDIN,RURAL,PRIVADO,RURAL_SOLO_TOKENS_URBANOS
05-09-0088-46,ESCUINTLA,SAN JOSE,"COLEGIO PREUNIVERSITARIO ""SAN PABLO""",CHÁCARA SAN JOAQUÍN INTERIOR NO. 5 COLONIA SAN JOAQUÍN,RURAL,PRIVADO,RURAL_SOLO_TOKENS_URBANOS
05-09-3118-46,ESCUINTLA,SAN JOSE,INSTITUTO TECNICO MARITIMO BANAPORT C.A.,3. AVENIDA 0-56 ZONA 2 COLONIA EL PROGRESO,RURAL,PRIVADO,RURAL_CON_ZONA_NUM
05-10-0035-46,ESCUINTLA,IZTAPA,"COLEGIO PARTICULAR MIXTO ""IXTAPAN""",5TA. AVE. 3-80 ZONA 1 BARRIO EL MORÓN,RURAL,PRIVADO,RURAL_CON_ZONA_NUM
05-10-0036-46,ESCUINTLA,IZTAPA,"COLEGIO PARTICULAR MIXTO ""IXTAPAN""",5TA. AVE. 3-80 ZONA 1 BARRIO EL MORÓN.,RURAL,PRIVADO,RURAL_CON_ZONA_NUM
05-11-0064-46,ESCUINTLA,PALIN,COLEGIO INTEGRAL BILINGÜE ENGLISH CLUB,"FINCA NATIVIDAD NO. 102 BIFURCACIÓN AGRICOLA PANTIAGUATE CARRETERA A SANTA MARÍA DE JESÚS, SACATEPÉQUEZ",URBANA,PRIVADO,URBANA_SIN_EVIDENCIA
05-11-0065-46,ESCUINTLA,PALIN,COLEGIO INTEGRAL BILINGÚE ENGLISH CLUB,"FINCA NATIVIDAD NO. 102 BIFURCACIÓN AGRICOLA PANTIAGUATE CARRETERA A SANTA MARÍA DE JESÚS, SACATEPÉQUEZ",URBANA,PRIVADO,URBANA_SIN_EVIDENCIA
05-11-0090-46,ESCUINTLA,PALIN,LICEO CRISTIANO CAPERNAUM,7MA. CALLE 4A AVENIDA 6-99 ZONA 2 BARRIO SAN LUCAS,RURAL,PRIVADO,RURAL_CON_ZONA_NUM
05-11-0113-46,ESCUINTLA,PALIN,"CENTRO EDUCATIVO PRIVADO ""SAN ESTEBAN""","4A. AVENIDA 4-16, ZONA 5",RURAL,PRIVADO,RURAL_CON_ZONA_NUM
05-11-0117-46,ESCUINTLA,PALIN,LICEO CRISTIANO BILINGÜE SANTIDAD Y PODER,KM. 39.5 CARRETERA AL PACIFICO,URBANA,PRIVADO,URBANA_KM_SIN_CONTEXTO
05-11-2963-46,ESCUINTLA,PALIN,LICEO CRISTIANO BILINGÜE SANTIDAD Y PODER,KM.39.5 CARRETERA AL PACIFICO,URBANA,PRIVADO,URBANA_KM_SIN_CONTEXTO
05-14-0033-46,ESCUINTLA,SIPACATE,COLEGIO MIXTO LA LIBERTAD,5A CALLE 0-12,RURAL,PRIVADO,RURAL_SOLO_TOKENS_URBANOS
05-14-0050-46,ESCUINTLA,SIPACATE,COLEGIO PARTICULAR MIXTO ROSALES,13 AVE. 3-47,RURAL,PRIVADO,SIN_TOKENS
01-01-2331-45,GUATEMALA,GUATEMALA,INSTITUTO PRIVADO MIXTO DE EDUCACION BASICA JUAN MARCOS,1A. AVENIDA Y 1A. CALLE ZONA 21 LOMA BLANCA COLONIA GUAJITOS,RURAL,PRIVADO,RURAL_CON_ZONA_NUM
01-02-0087-45,GUATEMALA,SANTA CATARINA PINULA,"INSTITUTO OFICIAL DE EDUCACION BASICA Y BACHILLERATO POR MADUREZ ""LICENCIADA MIRMA FIGUEROA DE CORO""",LOTE 45 ALDEA EL PAJON,URBANA,MUNICIPAL,URBANA_SIN_EVIDENCIA
01-02-2610-45,GUATEMALA,SANTA CATARINA PINULA,INSTITUTO DE EDUCACION BASICA POR COOPERATIVA DE ENSEÑANZA,PIEDRA PARADA EL ROSARIO,RURAL,COOPERATIVA,SIN_TOKENS
01-02-8065-45,GUATEMALA,SANTA CATARINA PINULA,COLEGIO MIXTO SAN ANTONIO DE PADUA,3AV 1-54 PIEDRA PARADA CRISTO REY,RURAL,PRIVADO,RURAL_SOLO_TOKENS_URBANOS
01-02-8792-45,GUATEMALA,SANTA CATARINA PINULA,COLEGIO MIXTO TECNICO EN COMPUTACION VISTA AZUL,1A. CALLE CUCHILLA DEL CARMEN,RURAL,PRIVADO,RURAL_SOLO_TOKENS_URBANOS
01-04-0013-45,GUATEMALA,SAN JOSE DEL GOLFO,COLEGIO PRADOS DE SAN JOSÉ,CALLE PRINCIPAL 3-14,RURAL,PRIVADO,RURAL_SOLO_TOKENS_URBANOS
01-05-0045-45,GUATEMALA,PALENCIA,INEB PROFESOR RAMIRO PÉREZ HERNÁNDEZ,CANTON RINCON,URBANA,OFICIAL,URBANA_SIN_EVIDENCIA
01-05-0097-45,GUATEMALA,PALENCIA,LICEO ADVENTISTA MARANATHA,CALLE REAL 1-115,RURAL,PRIVADO,RURAL_SOLO_TOKENS_URBANOS
01-05-1359-45,GUATEMALA,PALENCIA,INSTITUTO MIXTO DE EDUCACIÓN BÁSICA POR COOPERATIVA,PALENCIA,URBANA,COOPERATIVA,LONGITUD_INSUFICIENTE
01-05-2618-45,GUATEMALA,PALENCIA,INEB POR COOPERATIVA,ALDEA LOS MIXCOS,URBANA,COOPERATIVA,URBANA_SIN_EVIDENCIA
01-06-0005-45,GUATEMALA,CHINAUTLA,INEB,CERRO SAN JULIAN,URBANA,OFICIAL,SIN_TOKENS
01-06-0006-45,GUATEMALA,CHINAUTLA,INEB EDGAR ARNOLDO MEDRANO MENENDEZ,"SECTOR 43, LOTE 0, TIERRA NUEVA I",URBANA,OFICIAL,URBANA_SIN_EVIDENCIA
01-06-0007-45,GUATEMALA,CHINAUTLA,INEB,ALDEA SAN ANTONIO LAS FLORES,URBANA,OFICIAL,URBANA_SIN_EVIDENCIA
01-06-0040-45,GUATEMALA,CHINAUTLA,INEB SANTA CRUZ CHINAUTLA,CANTON CENTRAL SANTA CRUZ,URBANA,OFICIAL,URBANA_SIN_EVIDENCIA
01-06-0089-45,GUATEMALA,CHINAUTLA,INSTITUTO NACIONAL DE EDUCACIÓN BÁSICA TIERRA NUEVA I,"SECTOR 43 LOTE 0 TIERRA NUEVA I GUATEMALA, CHINAUTLA",URBANA,OFICIAL,URBANA_SIN_EVIDENCIA
01-06-1399-45,GUATEMALA,CHINAUTLA,INSTITUTO PRIVADO MIXTO DE EDUCACION BASICA DR. EPAMINONDAS QUINTANA,15 AVE. FINAL JOCOTALES,URBANA,PRIVADO,SIN_TOKENS
01-06-6546-45,GUATEMALA,CHINAUTLA,CENTRO DE EDUCACION INTEGRAL APRENDIENDO A VIVIR,"2A. AVE. FINAL LOTE 290 JOCOTALES, CHINAUTLA",URBANA,PRIVADO,URBANA_SIN_EVIDENCIA
01-06-6991-45,GUATEMALA,CHINAUTLA,INSTITUTO DE EDUCACIÓN BÁSICA POR COOPERATIVA,"CANTON CENTRAL, SANTA CRUZ CHINAUTLA",URBANA,COOPERATIVA,URBANA_SIN_EVIDENCIA
01-06-7535-45,GUATEMALA,CHINAUTLA,CENTRO ESTUDIANTIL CRISTIANO 'JOSE GILBERTO VELASQUEZ',"SECTOR 2 LOTE 99, SAN JULIAN NUEVA CHINAUTLA ALDEA JOCOTALES",URBANA,PRIVADO,URBANA_SIN_EVIDENCIA
01-06-8416-45,GUATEMALA,CHINAUTLA,INSTITUTO OFICIAL MIXTO DE EDUCACION BASICA,CERRO SAN JULIAN,URBANA,OFICIAL,SIN_TOKENS
01-07-0029-45,GUATEMALA,SAN PEDRO AYAMPUC,INEB SAN LUIS,COLONIA SAN LUIS EN MUNICIPIO DE SAN PEDRO AYAMPUC,RURAL,OFICIAL,RURAL_SOLO_TOKENS_URBANOS
01-07-1425-45,GUATEMALA,SAN PEDRO AYAMPUC,IEBC ENSEÑANZA,SAN PEDRO AYAMPUC,URBANA,COOPERATIVA,SIN_TOKENS
01-07-8044-45,GUATEMALA,SAN PEDRO AYAMPUC,COLEGIO MIXTO 'EL ARTE DE APRENDER',MANZANA G CASA 22 COLONIA LLANOS DE SANTA MARIA,RURAL,PRIVADO,RURAL_SOLO_TOKENS_URBANOS
01-08-0058-45,GUATEMALA,MIXCO,INEB,"2A. CALLE ""B"" 2-06 ZONA 4, COLONIA MONTEVERDE",RURAL,OFICIAL,RURAL_CON_ZONA_NUM
01-08-0102-45,GUATEMALA,MIXCO,"COLEGIO ""LO DE CASTILLA""","BOULEVARD PRINCIPAL 10-30 COLONIA SATELITE, ZONA 9",RURAL,PRIVADO,RURAL_CON_ZONA_NUM
01-08-0117-45,GUATEMALA,MIXCO,LICEO LOMAS DE SACOJ,"68 CALLE ""A"" 13-96 SACOJ CHIQUITO ZONA 6",RURAL,PRIVADO,RURAL_CON_ZONA_NUM
01-08-0262-45,GUATEMALA,MIXCO,INEB INSTITUTO NACIONAL DE EDUCACION BASICA,6TA. CALLE 5TA AV. ZONA 8 MIXCO,RURAL,OFICIAL,RURAL_CON_ZONA_NUM
01-08-0337-45,GUATEMALA,MIXCO,COLEGIO LICEO INTEGRAL SAN ISIDRO,"27 AVENIDA 1-60 ZONA 6, COLONIA SAN JOSÉ LOS PINOS",RURAL,PRIVADO,RURAL_CON_ZONA_NUM
01-08-0498-45,GUATEMALA,MIXCO,"CENTRO EDUCATIVO ""EL VIÑADOR""",BOULEVARD SACOJ GRANDE 71-80 ZONA 6,RURAL,PRIVADO,RURAL_CON_ZONA_NUM
01-08-0527-45,GUATEMALA,MIXCO,PEDAGÓGICO INTEGRAL SAN MIGUEL,6A. AVENIDA 14-15 LO DE COY ZONA 1,RURAL,PRIVADO,RURAL_CON_ZONA_NUM
01-08-0786-45,GUATEMALA,MIXCO,COLEGIO INTERCULTURAL BILINGÜE GUATEMALTECO,6A. CALLE A 11-98 LO DE FUENTES ZONA 11,RURAL,PRIVADO,RURAL_CON_ZONA_NUM
01-08-0834-45,GUATEMALA,MIXCO,INSTITUTO MIXTO EL EDÉN,"BOULEVARD EL CAMINERO 11-85, SAN JOSÉ LAS ROSAS ZONA 6",RURAL,PRIVADO,RURAL_CON_ZONA_NUM
01-08-0985-45,GUATEMALA,MIXCO,"LICEO TECNOLOGICO DE GUATEMALA ""ELOHIM"" NO. 2","8A. CALLE 29-03, EL AGUACATE, ZONA 9",RURAL,PRIVADO,RURAL_CON_ZONA_NUM
01-08-0987-45,GUATEMALA,MIXCO,"LICEO TECNOLOGICO DE GUATEMALA ""ELOHIM"" NO. 2","8A. CALLE 29-03, EL AGUACATE, ZONA 9",RURAL,PRIVADO,RURAL_CON_ZONA_NUM
01-08-7687-45,GUATEMALA,MIXCO,CENTRO EDUCATIVO EFICIENCIA,11AV. A 18-58 ZONA 1 LO DE COY,RURAL,PRIVADO,RURAL_CON_ZONA_NUM
01-08-7852-45,GUATEMALA,MIXCO,COLEGIO MIXTO INTEGRAL 'MOSIAH',BOULEVARD PRINCIPAL 11-49 ZONA 11,RURAL,PRIVADO,RURAL_CON_ZONA_NUM
01-08-8412-45,GUATEMALA,MIXCO,CENTRO EDUCATIVO DR. MARIANO GALVEZ,4A. CALLE 0-05 ZONA 1,RURAL,PRIVADO,RURAL_CON_ZONA_NUM
01-08-8413-45,GUATEMALA,MIXCO,CENTRO EDUCATIVO DR. MARIANO GALVEZ (POR MADUREZ),4A. CALLE 0-05 ZONA 1,RURAL,PRIVADO,RURAL_CON_ZONA_NUM
01-10-0030-45,GUATEMALA,SAN JUAN SACATEPEQUEZ,INEB,2A. CALLE 7-23 ZONA 2,RURAL,OFICIAL,RURAL_CON_ZONA_NUM
01-10-0031-45,GUATEMALA,SAN JUAN SACATEPEQUEZ,INEB,ALDEA LO DE RUIZ,URBANA,OFICIAL,URBANA_SIN_EVIDENCIA
01-10-0035-45,GUATEMALA,SAN JUAN SACATEPEQUEZ,INEB DE TELESECUNDARIA,COLONIA SAN JUANEROS,RURAL,OFICIAL,RURAL_SOLO_TOKENS_URBANOS
01-10-0040-45,GUATEMALA,SAN JUAN SACATEPEQUEZ,INEB DE TELESECUNDARIA,COLONIA LA ECONOMICA,RURAL,OFICIAL,RURAL_SOLO_TOKENS_URBANOS
01-10-0092-45,GUATEMALA,SAN JUAN SACATEPEQUEZ,"INEB ""CHAJOMA""",3A. CALLE 0-96 ZONA 3,RURAL,OFICIAL,RURAL_CON_ZONA_NUM
01-10-0129-45,GUATEMALA,SAN JUAN SACATEPEQUEZ,CENTRO EDUCATIVO INTEGRAL MI MUNDO,"MANZANA ""M"" CASAS 4 Y 5 LINDA VISTA I",RURAL,PRIVADO,RURAL_SOLO_TOKENS_URBANOS
01-10-0236-45,GUATEMALA,SAN JUAN SACATEPEQUEZ,COLEGIO MIXTO PRIVADO LA LUZ,4A. AVENIDA 11-12 MANZANA P CIUDAD QUETZAL,RURAL,PRIVADO,RURAL_SOLO_TOKENS_URBANOS
01-10-8881-45,GUATEMALA,SAN JUAN SACATEPEQUEZ,IEBC ADONAI,COLONIA VILLA VERDE,RURAL,COOPERATIVA,RURAL_SOLO_TOKENS_URBANOS
01-12-0005-45,GUATEMALA,CHUARRANCHO,INEB,CANTON CENTRAL,URBANA,OFICIAL,URBANA_SIN_EVIDENCIA
01-14-1918-45,GUATEMALA,AMATITLAN,"LICEO CRISTIANO ""ANTIOQUÍA""",5A AVE. FINAL 15-57 CANTON EL INGENIO,URBANA,PRIVADO,URBANA_SIN_EVIDENCIA
01-14-2694-45,GUATEMALA,AMATITLAN,COLEGIO MIXTO CIENCIAS COMERCIALES,"LOTE I, VALLE VERDE II",URBANA,PRIVADO,URBANA_SIN_EVIDENCIA
01-14-6739-45,GUATEMALA,AMATITLAN,CENTRO EDUCATIVO SILOE AMATITLAN,4A. AVE. 0-80,URBANA,PRIVADO,SIN_TOKENS
01-14-7534-45,GUATEMALA,AMATITLAN,INSTITUTO BASICO POR COOPERATIVA EMANUEL,"5AVE. FINAL, CANTON INGENIO",URBANA,COOPERATIVA,URBANA_SIN_EVIDENCIA
01-14-8331-45,GUATEMALA,AMATITLAN,COLEGIO FORMACION INTEGRAL DE AMATITLÁN,2AV. 8-28,URBANA,PRIVADO,LONGITUD_INSUFICIENTE
01-14-8762-45,GUATEMALA,AMATITLAN,COLEGIO MIXTO EVANGELICO 'EL PARAISO',LOTIFICACION EL PARAISO CARRETERA A ALTOS DE LA CRUZ CANTON INGENIO,URBANA,PRIVADO,URBANA_SIN_EVIDENCIA
01-14-9858-45,GUATEMALA,AMATITLAN,IEBC 'SABIDURIA',AMATITLAN,RURAL,COOPERATIVA,LONGITUD_INSUFICIENTE
01-15-0056-45,GUATEMALA,VILLA NUEVA,INEB,"12 AVENIDA 2-32 BARCENAS, ZONA 3",RURAL,OFICIAL,RURAL_CON_ZONA_NUM
01-15-0057-45,GUATEMALA,VILLA NUEVA,INEB,ASENTAMIENTO VALLES DE NAZARETH,RURAL,OFICIAL,SIN_TOKENS
01-15-0070-45,GUATEMALA,VILLA NUEVA,INEB,CIUDAD PERONIA,RURAL,OFICIAL,SIN_TOKENS
01-15-0080-45,GUATEMALA,VILLA NUEVA,INEB DE TELESECUNDARIA,VILLA LOBOS NORTE,RURAL,OFICIAL,SIN_TOKENS
01-15-0101-45,GUATEMALA,VILLA NUEVA,"LICEO CRISTIANO ""SENDAS NUEVAS""","13 AVENIDA ""A"" 14-46, COLONIA SAN RAFAEL RAMIREZ, ZONA 2",RURAL,PRIVADO,RURAL_CON_ZONA_NUM
01-15-0158-45,GUATEMALA,VILLA NUEVA,COLEGIO LICEO MIXTO ORIENTAL GUATEMALTECO,"9A. CALLE, 5-67, ZONA 2, COLONIA VIILA DE LAS ROSAS, SAN JOSE",RURAL,PRIVADO,RURAL_CON_ZONA_NUM
01-15-0161-45,GUATEMALA,VILLA NUEVA,COLEGIO LICEO MIXTO ORIENTAL GUATEMALTECO,"9A. CALLE, 5-67, ZONA 2, COLONIA VILLA DE LAS ROSAS, SAN JOSE",RURAL,PRIVADO,RURAL_CON_ZONA_NUM
01-15-0165-45,GUATEMALA,VILLA NUEVA,COLEGIO EVANGELICO LA VERDAD ES JESUS,"10A. AVENIDA 3-95, ZONA 3, DE BARCENAS",RURAL,PRIVADO,RURAL_CON_ZONA_NUM
01-15-0253-45,GUATEMALA,VILLA NUEVA,"LICEO CRISTIANO LE - MUEL, NO. 2",16 CALLE 14-43 PROYECTOS SANTA ISABEL II ZONA 3,RURAL,PRIVADO,RURAL_CON_ZONA_NUM
01-15-0309-45,GUATEMALA,VILLA NUEVA,CENTRO EDUCACIONAL LA SEMILLA,"0 CALLE 0-50, LOCALES 1, 2, 3 Y 4 ZONA 3 CENTRO COMERCIAL RESIDENCIALES ALTOS DE BÁRCENAS III",RURAL,PRIVADO,RURAL_CON_ZONA_NUM
01-15-0317-45,GUATEMALA,VILLA NUEVA,"LICEO CRISTIANO LE-MUEL, NO. 2","16 CALLE 14-43, PROYECTOS SANTA ISABEL II, ZONA 3",RURAL,PRIVADO,RURAL_CON_ZONA_NUM
01-15-0334-45,GUATEMALA,VILLA NUEVA,INSTITUTO NACIONAL DE EDUCACIÓN BÁSICA,"1O AVENIDA 10-55, ZONA 2,COLONIA SAN JOSE VILLA NUEVA",RURAL,OFICIAL,RURAL_CON_ZONA_NUM
01-15-0379-45,GUATEMALA,VILLA NUEVA,INEB,"60A. AVENIDA A 15-03 ZONA 10, LOTIFICACIÓN BELLO AMANECER",RURAL,OFICIAL,RURAL_CON_ZONA_NUM
01-15-0398-45,GUATEMALA,VILLA NUEVA,COLEGIO EPISCOPAL CANTERBURY VILLANOVANO,"3A. CALLE 9-01, ZONA 2, COLONIA SAN JOSE",RURAL,PRIVADO,RURAL_CON_ZONA_NUM
01-15-0420-45,GUATEMALA,VILLA NUEVA,COLEGIO MIXTO ESPERANZA DEL SABER,"5A. CALLE 10-42, ZONA 3, BÁRCENAS",RURAL,PRIVADO,RURAL_CON_ZONA_NUM
01-15-0469-45,GUATEMALA,VILLA NUEVA,ESCUELA PARA ADULTOS CON FORMACIÓN PARA EL TRABAJO DEBORA,"SECTOR I, LOTE 173, VILLA LOBOS II, ANEXO",URBANA,PRIVADO,URBANA_SIN_EVIDENCIA
01-15-0806-45,GUATEMALA,VILLA NUEVA,LICEO TECNOLOGICO BENEK,1ERA. CALLE A 9-71 ZONA 3 BARCENAS VILLA NUEVA,RURAL,PRIVADO,RURAL_CON_ZONA_NUM
01-15-2070-45,GUATEMALA,VILLA NUEVA,IEBC DE ENSEÑANZA,"12AV 2-32 ZONA 3 BARCENAS, VILLA NUEVA",RURAL,COOPERATIVA,RURAL_CON_ZONA_NUM
01-15-2426-45,GUATEMALA,VILLA NUEVA,LICEO MIXTO SAN JOSE,"5 CALLE 2-88 ZONA 2, COLONIA SAN JOSE",RURAL,PRIVADO,RURAL_CON_ZONA_NUM
01-15-6150-45,GUATEMALA,VILLA NUEVA,LICEO MIXTO EN COMPUTACION MIRALVALLE,1A. AVENIDA A 2-09 ZONA 2 SAN JOSE VILLA NUEVA,RURAL,PRIVADO,RURAL_CON_ZONA_NUM
01-15-6190-45,GUATEMALA,VILLA NUEVA,INSTITUTO MIXTO DE EDUCACION BASICA POR COOPERATIVA DE ENSEÑANZA,"12 AVENIDA 2-32 ZONA 3, BARCENA",RURAL,COOPERATIVA,RURAL_CON_ZONA_NUM
01-15-6511-45,GUATEMALA,VILLA NUEVA,LICEO CRISTIANO BALUARTE DE LA ENSEÑANZA,"3A. AVENIDA, 8-55, ZONA 5, COLONIA ENRIQUETA",RURAL,PRIVADO,RURAL_CON_ZONA_NUM
01-15-6992-45,GUATEMALA,VILLA NUEVA,INEB DE TELESECUNDARIA,"3A. AVENIDA 7-89 ZONA 8, CIUDAD PERONIA",RURAL,OFICIAL,RURAL_CON_ZONA_NUM
01-15-6993-45,GUATEMALA,VILLA NUEVA,INEB DE TELESECUNDARIA LA ISLA,12AV 24-80 ZONA 12 VILLA LOBOS I,RURAL,OFICIAL,RURAL_CON_ZONA_NUM
01-15-7007-45,GUATEMALA,VILLA NUEVA,INEB DE TELESECUNDARIA,"2A. CALLE 11-98 ZONA 2, RESIDENCIALES VILLA LOBOS SUR",RURAL,OFICIAL,RURAL_CON_ZONA_NUM
01-15-7652-45,GUATEMALA,VILLA NUEVA,CENTRO EDUCATIVO EL SANTUARIO,"14 AVENIDA 7-43 ZONA 1, COLONIA SAN MIGUELITO",RURAL,PRIVADO,RURAL_CON_ZONA_NUM
01-15-8286-45,GUATEMALA,VILLA NUEVA,"INSTITUTO DE EDUCACION BASICA POR COOPERATIVA ""COLONIA ETERNA PRIMAVERA""","4 CALLE 5-45 ZONA 4, COLONIA ETERNA PRIMAVERA",RURAL,COOPERATIVA,RURAL_CON_ZONA_NUM
01-15-8356-45,GUATEMALA,VILLA NUEVA,COLEGIO EVANGELICO BET-EL SHAMMA,5 CALLE 9-16 ZONA 1,RURAL,PRIVADO,RURAL_CON_ZONA_NUM
01-15-8357-45,GUATEMALA,VILLA NUEVA,COLEGIO EVANGELICO BET-EL SHAMMA,5 CALLE 9-16 ZONA 1,RURAL,PRIVADO,RURAL_CON_ZONA_NUM
01-15-8858-45,GUATEMALA,VILLA NUEVA,IEBC DE ENSEÑANZA PLANES DEL FRUTAL,12 CALLE ENTRE 15 Y 16 AVENIDA ZONA 6 COLONIA PLANES DEL FRUTAL,RURAL,COOPERATIVA,RURAL_CON_ZONA_NUM
01-15-8885-45,GUATEMALA,VILLA NUEVA,INSTITUTO PRIVADO NUESTRA SEÑORA DE AMERICA,"10A. AVENIDA 6-80 ZONA 3, BARCENAS",RURAL,PRIVADO,RURAL_CON_ZONA_NUM
01-15-9142-45,GUATEMALA,VILLA NUEVA,INEB,"8A. CALLE 13-10 ZONA 3, SANTA ISABEL II",RURAL,OFICIAL,RURAL_CON_ZONA_NUM
01-15-9840-45,GUATEMALA,VILLA NUEVA,IEBC EN FORMACION RENACIMIENTO,"COLONIA RENACIMIENTO, ZONA 5",RURAL,COOPERATIVA,RURAL_CON_ZONA_NUM
01-16-0045-45,GUATEMALA,VILLA CANALES,COLEGIO DE INFORMATICA AVANZADA COMPUCEIC,6A. CALLE 2-35 ZONA 1 BOCA DEL MONTE,RURAL,PRIVADO,RURAL_CON_ZONA_NUM
01-16-0052-45,GUATEMALA,VILLA CANALES,LICEO DEL MONTE,"3A. AVENIDA 2-28, ZONA 1 BOCA DEL MONTE",RURAL,PRIVADO,RURAL_CON_ZONA_NUM
01-16-0087-45,GUATEMALA,VILLA CANALES,CENTRO EDUCATIVO INTEGRAL COMPUTARIZADO,6A. CALLE 2-35 ZONA 1 BOCA DEL MONTE,RURAL,PRIVADO,RURAL_CON_ZONA_NUM
01-16-0091-45,GUATEMALA,VILLA CANALES,COLEGIO PRIVADO MIXTO SANTA CECILIA,1A. AVENIDA 3-40 ZONA 3 BOCA DEL MONTE,RURAL,PRIVADO,RURAL_CON_ZONA_NUM
01-16-0103-45,GUATEMALA,VILLA CANALES,"LICEO PROFESIONAL DE COMPUTACIÓN ""MANUEL GALICH""",2A. CALLE 3-61 ZONA 1 BOCA DEL MONTE,RURAL,PRIVADO,RURAL_CON_ZONA_NUM
01-16-0134-45,GUATEMALA,VILLA CANALES,"COLEGIO MIXTO "" SANTA ELENA DEL SUR """,6A. AVENIDA 3-29 ZONA 1 SANTA ELENA BARILLAS,RURAL,PRIVADO,RURAL_CON_ZONA_NUM
01-16-0149-45,GUATEMALA,VILLA CANALES,COLEGIO TÉCNICO SUIZO,2. CALLE 1-38 ZONA 1 GUATEMALA,RURAL,PRIVADO,RURAL_CON_ZONA_NUM
01-16-0174-45,GUATEMALA,VILLA CANALES,CENTRO EDUCATIVO INTEGRAL COMPUTARIZADO,6A. CALLE 2-35 ZONA 1 BOCA DEL MONTE,RURAL,PRIVADO,RURAL_CON_ZONA_NUM
01-16-0178-45,GUATEMALA,VILLA CANALES,COLEGIO CARLOS ENRIQUE PÉREZ RAMÍREZ,"2A. CALLE ""A"" 4-41 ZONA 1 BOCA DEL MONTE",RURAL,PRIVADO,RURAL_CON_ZONA_NUM
01-16-0187-45,GUATEMALA,VILLA CANALES,COLEGIO INTEGRAL FUENTE DE GRACIA Y SABIDURÍA,CASA NO. 5-I COLONIA PANORAMA DEL VALLE LOS DOLORES,RURAL,PRIVADO,RURAL_SOLO_TOKENS_URBANOS
01-16-2136-45,GUATEMALA,VILLA CANALES,LICEO MIXTO VILLA CANALES,1A AVE. 2-22,URBANA,PRIVADO,SIN_TOKENS
01-16-2747-45,GUATEMALA,VILLA CANALES,COLEGIO PARTICULAR MIXTO RAFAEL PRATDESABA JM,3A AV 3-41 ZONA 3 BOCA DEL MONTE,RURAL,PRIVADO,RURAL_CON_ZONA_NUM
01-16-3016-45,GUATEMALA,VILLA CANALES,INSTITUTO DE EDUCACIÓN BÁSICA POR COOPERATIVA,SANTA ELENA BARILLAS,RURAL,COOPERATIVA,SIN_TOKENS
01-16-4198-45,GUATEMALA,VILLA CANALES,"LICEO PROFESIONAL DE COMPUTACION ""MANUEL GALICH""",2A. CALLE 3-61 ZONA 1 BOCA DEL MONTE,RURAL,PRIVADO,RURAL_CON_ZONA_NUM
01-16-7061-45,GUATEMALA,VILLA CANALES,LICEO CRISTIANO 'JERICO',"3A. AV. 6-52, ZONA 1 BOCA DEL MONTE",RURAL,PRIVADO,RURAL_CON_ZONA_NUM
01-16-7957-45,GUATEMALA,VILLA CANALES,"LICEO PROFESIONAL DE COMPUTACION ""MANUEL GALICH""",2DA. CALLE 3-61 ZONA 1 BOCA DEL MONTE,RURAL,PRIVADO,RURAL_CON_ZONA_NUM
01-16-8865-45,GUATEMALA,VILLA CANALES,LICEO CENTROAMERICANO BOCA DEL MONTE,1A. CALLE 2-60 ZONA 1 BOCA DEL MONTE,RURAL,PRIVADO,RURAL_CON_ZONA_NUM
01-16-8870-45,GUATEMALA,VILLA CANALES,LICEO CENTROAMERICANO BOCA DEL MONTE,1A. CALLE 2-60 ZONA 1 BOCA DEL MONTE,RURAL,PRIVADO,RURAL_CON_ZONA_NUM
01-16-9000-45,GUATEMALA,VILLA CANALES,LICEO MIXTO QUIRIGUA,"CASA 5-I, COLONIA PANORAMA DEL VALLE",RURAL,PRIVADO,RURAL_SOLO_TOKENS_URBANOS
01-16-9430-45,GUATEMALA,VILLA CANALES,COLEGIO ECOLOGICO SANTA CATALINA,"4A. AVENIDA 3-41, ZONA 1, BOCA DEL MONTE",RURAL,PRIVADO,RURAL_CON_ZONA_NUM
01-16-9473-45,GUATEMALA,VILLA CANALES,LICEO CENTROAMERICANO BOCA DEL MONTE,1A. CALLE 2-60 ZONA 1 BOCA DEL MONTE,RURAL,PRIVADO,RURAL_CON_ZONA_NUM
01-17-0170-45,GUATEMALA,SAN MIGUEL PETAPA,LICEO TECNOLÓGICO LOS ÁLAMOS,"3A. CALLE 1-62, COLONIA LOS ÁLAMOS ZONA 6",RURAL,PRIVADO,RURAL_CON_ZONA_NUM
01-17-6754-45,GUATEMALA,SAN MIGUEL PETAPA,COLEGIO MIXTO LA ENSEÑANZA FELIZ,1 CALLE 7-60 ZONA 1,RURAL,PRIVADO,RURAL_CON_ZONA_NUM
01-02-0088-46,GUATEMALA,SANTA CATARINA PINULA,"INSTITUTO OFICIAL DE EDUCACION BASICA Y BACHILLERATO POR MADUREZ ""LICENCIADA MIRMA FIGUEROA DE CORO""",LOTE 45 ALDEA EL PAJON,URBANA,MUNICIPAL,URBANA_SIN_EVIDENCIA
01-06-0009-46,GUATEMALA,CHINAUTLA,INSTITUTO NACIONAL DE EDUCACION DIVERSIFICADA EDGAR ARNOLDO MEDRANO MENENDEZ,"SECTOR 43, LOTE 0, TIERRA NUEVA I",URBANA,OFICIAL,URBANA_SIN_EVIDENCIA
01-06-0136-46,GUATEMALA,CHINAUTLA,INSTITUTO NACIONAL DE EDUCACIÓN DIVERSIFICADA TIERRA NUEVA I,SECTOR 43 LOTE 0 TIERRA NUEVA 1,URBANA,OFICIAL,URBANA_SIN_EVIDENCIA
01-07-0030-46,GUATEMALA,SAN PEDRO AYAMPUC,"COLEGIO MIXTO ""EL ARTE DE APRENDER""","MANZANA ""G"" CASA 22 COLONIA LLANOS DE SANTA MARIA I, LAGUNILLA.",RURAL,PRIVADO,RURAL_SOLO_TOKENS_URBANOS
01-07-0052-46,GUATEMALA,SAN PEDRO AYAMPUC,INSTITUTO TÉCNICO CENTROAMERICANO DE OPTOMETRIA,CIUDAD GUATEMALA,URBANA,PRIVADO,SIN_TOKENS
01-08-0059-46,GUATEMALA,MIXCO,INSTITUTO NACIONAL DE EDUCACIÓN DIVERSIFICADA,"8A. AVENIDA 18-58 ZONA 5, COLONIA 1ERO. DE JULIO",RURAL,OFICIAL,RURAL_CON_ZONA_NUM
01-08-0060-46,GUATEMALA,MIXCO,INSTITUTO NACIONAL DE EDUCACION DIVERSIFICADA,13 AVENIDA 16-42 COLONIA SAN JOSE LAS ROSAS ZONA 6 MUNICIPIO DE MIXCO,RURAL,OFICIAL,RURAL_CON_ZONA_NUM
01-08-0119-46,GUATEMALA,MIXCO,LICEO LOMAS DE SACOJ,"68 CALLE ""A"" 13-96 SACOJ CHIQUITO ZONA 6",RURAL,PRIVADO,RURAL_CON_ZONA_NUM
01-08-0338-46,GUATEMALA,MIXCO,COLEGIO LICEO INTEGRAL SAN ISIDRO,27 AVENIDA 1-60 ZONA 6 COLONIA SAN JOSE LOS PINOS MIXCO,RURAL,PRIVADO,RURAL_CON_ZONA_NUM
01-08-0601-46,GUATEMALA,MIXCO,INSTITUTO TECNOLOGICO DOCTOR THEO BLOEM,BOULEVARD PRINCIPAL 72-70 ZONA 6 SACOJ GRANDE MIXCO,RURAL,PRIVADO,RURAL_CON_ZONA_NUM
01-08-0637-46,GUATEMALA,MIXCO,INSTITUTO TECNOLÓGICO DOCTOR THEO BLOEM,"BOULEVARD PRINCIPAL 72-70 SACOJ GRANDE, ZONA 6 MIXCO",RURAL,PRIVADO,RURAL_CON_ZONA_NUM
01-08-0638-46,GUATEMALA,MIXCO,INSTITUTO TECNOLÓGICO DOCTOR THEO BLOEM,"BOULEVARD PRINCIPAL 72-70 SACOJ GRANDE, ZONA 6",RURAL,PRIVADO,RURAL_CON_ZONA_NUM
01-08-0818-46,GUATEMALA,MIXCO,INSTITUTO TECNOLÓGICO DOCTOR THEO BLOEM,BOULEVARD PRINCIPAL 72-70 ZONA 6 MIXCO,RURAL,PRIVADO,RURAL_CON_ZONA_NUM
01-08-0835-46,GUATEMALA,MIXCO,INSTITUTO MIXTO EL EDÉN,"BOULEVARD EL CAMINERO 11-85, SAN JOSÉ LAS ROSAS ZONA 6",RURAL,PRIVADO,RURAL_CON_ZONA_NUM
01-08-0986-46,GUATEMALA,MIXCO,"LICEO TECNOLOGICO DE GUATEMALA ""ELOHIM"" NO. 2","8A. CALLE 29-03, EL AGUACATE, ZONA 9",RURAL,PRIVADO,RURAL_CON_ZONA_NUM
01-08-0988-46,GUATEMALA,MIXCO,"LICEO TECNOLOGICO DE GUATEMALA ""ELOHIM"" NO. 2","8A. CALLE 29-03, EL AGUACATE, ZONA 9",RURAL,PRIVADO,RURAL_CON_ZONA_NUM
01-08-7688-46,GUATEMALA,MIXCO,CENTRO EDUCATIVO EFICIENCIA,11AV. A 18-58 ZONA 1 LO DE COY,RURAL,PRIVADO,RURAL_CON_ZONA_NUM
01-08-8414-46,GUATEMALA,MIXCO,CENTRO EDUCATIVO DR. MARIANO GALVEZ,4A. CALLE 0-05 ZONA 1,RURAL,PRIVADO,RURAL_CON_ZONA_NUM
01-08-8415-46,GUATEMALA,MIXCO,CENTRO EDUCATIVO DR. MARIANO GALVEZ,4A. CALLE 0-05 ZONA 1,RURAL,PRIVADO,RURAL_CON_ZONA_NUM
01-10-0130-46,GUATEMALA,SAN JUAN SACATEPEQUEZ,CENTRO EDUCATIVO INTEGRAL MI MUNDO,"MANZANA ""M"" CASAS 4 Y 5 LINDA VISTA I CIUDAD QUETZAL, SAN JUAN SACATEPÉQUEZ",RURAL,PRIVADO,RURAL_SOLO_TOKENS_URBANOS
01-14-1922-46,GUATEMALA,AMATITLAN,ESCUELA DE CIENCIAS COMERCIALES ADSCRITO AL INEB.,CONTIGUO AL ESTADIO MUNICIPAL DE AMATITLAN,URBANA,OFICIAL,SIN_TOKENS
01-14-2694-46,GUATEMALA,AMATITLAN,COLEGIO MIXTO 'CIENCIAS COMERCIALES',"LOTE I, VALLE VERDE II",URBANA,PRIVADO,URBANA_SIN_EVIDENCIA
01-14-6800-46,GUATEMALA,AMATITLAN,COLEGIO MIXTO CULTURA,4TA. AVENIDA 5-34,RURAL,PRIVADO,RURAL_SOLO_TOKENS_URBANOS
01-15-0062-46,GUATEMALA,VILLA NUEVA,INSTITUTO NACIONAL DE EDUCACION DIVERSIFICADA,ASENTAMIENTO MARIO ALIOTO LOPEZ,RURAL,OFICIAL,SIN_TOKENS
01-15-0076-46,GUATEMALA,VILLA NUEVA,INSTITUTO NACIONAL DE EDUCACION DIVERSIFICADA,CIUDAD PERONIA,URBANA,OFICIAL,SIN_TOKENS
01-15-0140-46,GUATEMALA,VILLA NUEVA,COLEGIO EVANGELICO BET-EL SHAMMA,5 CALLE 9-16 ZONA 1,RURAL,PRIVADO,RURAL_CON_ZONA_NUM
01-15-0156-46,GUATEMALA,VILLA NUEVA,LICEO MIXTO ORIENTAL GUATEMALTECO,"9A. CALLE, 5-67, ZONA 2, COLONIA VIILA DE LAS ROSAS, SAN JOSE",RURAL,PRIVADO,RURAL_CON_ZONA_NUM
01-15-0157-46,GUATEMALA,VILLA NUEVA,COLEGIO LICEO MIXTO ORIENTAL GUATEMALTECO,"9A. CALLE, 5-67, ZONA 2, COLONIA VIILA DE LAS ROSAS, SAN JOSE",RURAL,PRIVADO,RURAL_CON_ZONA_NUM
01-15-0173-46,GUATEMALA,VILLA NUEVA,COLEGIO EVANGELICO BET-EL SHAMMA,5A CALLE 9-16 ZONA 1,RURAL,PRIVADO,RURAL_CON_ZONA_NUM
01-15-0324-46,GUATEMALA,VILLA NUEVA,CENTRO EDUCATIVO FE Y ALEGRIA NO. 22,"6 AVENIDA 2-22 ZONA 8, CIUDAD PERONIA CIUDAD PERONIA",RURAL,PRIVADO,RURAL_CON_ZONA_NUM
01-15-0389-46,GUATEMALA,VILLA NUEVA,LICEO CRISTIANO SENDAS NUEVAS,"13 AVENIDA A, 14-46, COLONIA SAN RAFAEL ZONA 2",RURAL,PRIVADO,RURAL_CON_ZONA_NUM
01-15-0444-46,GUATEMALA,VILLA NUEVA,"LICEO MIXTO ""VIRGEN DE SARAPIQUI""","8 CALLE 1-28 ZONA 3, BÁRCENAS",RURAL,PRIVADO,RURAL_CON_ZONA_NUM
01-15-0603-46,GUATEMALA,VILLA NUEVA,COLEGIO EPISCOPAL CANTERBURY VILLANOVANO,"3ERA. CALLE 9-01 ZONA 2, COLONIA SAN JOSE",RURAL,PRIVADO,RURAL_CON_ZONA_NUM
01-15-0807-46,GUATEMALA,VILLA NUEVA,LICEO TECNOLOGICO BENEK,1ERA. CALLE A 9-71 ZONA 3 BARCENAS VILLA NUEVA,RURAL,PRIVADO,RURAL_CON_ZONA_NUM
01-15-0808-46,GUATEMALA,VILLA NUEVA,LICEO TECNOLOGICO BENEK,1ERA. CALLE A 9-71 ZONA 3 BARCENAS VILLA NUEVA,RURAL,PRIVADO,RURAL_CON_ZONA_NUM
01-15-0809-46,GUATEMALA,VILLA NUEVA,LICEO TECNOLOGICO BENEK,1ERA. CALLE A 9-71 ZONA 3 BARCENAS VILLA NUEVA,RURAL,PRIVADO,RURAL_CON_ZONA_NUM
01-15-7090-46,GUATEMALA,VILLA NUEVA,LICEO MIXTO EN COMPUTACION MIRALVALLE,1A. A 2-09 ZONA 2,RURAL,PRIVADO,RURAL_CON_ZONA_NUM
01-15-8359-46,GUATEMALA,VILLA NUEVA,COLEGIO EVANGELICO BET-EL SHAMMA,5 CALLE 9-16 ZONA 1,RURAL,PRIVADO,RURAL_CON_ZONA_NUM
01-15-8535-46,GUATEMALA,VILLA NUEVA,COLEGIO RAFAEL AREVALO MARTINEZ,"7A. AVENIDA 7-55, BARCENAS, ZONA 3",RURAL,PRIVADO,RURAL_CON_ZONA_NUM
01-15-9314-46,GUATEMALA,VILLA NUEVA,INSTITUTO PRIVADO NUESTRA SEÑORA DE AMERICA,"8A. AVENIDA 6-51 ZONA 3, BARCENAS",RURAL,PRIVADO,RURAL_CON_ZONA_NUM
01-15-9377-46,GUATEMALA,VILLA NUEVA,COLEGIO INTERNACIONES,"LOTIFICACION VILLA ROMANA, CARRETERA AL PACIFICO",URBANA,PRIVADO,SIN_TOKENS
01-16-0046-46,GUATEMALA,VILLA CANALES,COLEGIO DE INFORMATICA AVANZADA COMPUCEIC,6A. CALLE 2-35 ZONA 1 BOCA DEL MONTE,RURAL,PRIVADO,RURAL_CON_ZONA_NUM
01-16-0053-46,GUATEMALA,VILLA CANALES,LICEO DEL MONTE,"3A. AVENIDA 2-28, ZONA 1, BOCA DEL MONTE",RURAL,PRIVADO,RURAL_CON_ZONA_NUM
01-16-0099-46,GUATEMALA,VILLA CANALES,"LICEO PROFESIONAL DE COMPUTACIÓN ""MANUEL GALICH""",2A. CALLE 3-61 ZONA 1 BOCA DEL MONTE,RURAL,PRIVADO,RURAL_CON_ZONA_NUM
01-16-0137-46,GUATEMALA,VILLA CANALES,"COLEGIO MIXTO "" SANTA ELENA DEL SUR """,6A. AVENIDA 3-29 ZONA 1 SANTA ELENA BARILLAS,RURAL,PRIVADO,RURAL_CON_ZONA_NUM
01-16-0138-46,GUATEMALA,VILLA CANALES,"INSTITUTO DE EDUCACIÓN DIVERSIFICADA POR COOPERATIVA ""DORIS LEONOR ZUNUN CARRERA""",3A. CALLE 3-37 ZONA 1 BOCA DEL MONTE GUATEMALA,RURAL,COOPERATIVA,RURAL_CON_ZONA_NUM
01-16-0150-46,GUATEMALA,VILLA CANALES,COLEGIO TÉCNICO SUIZO,2A. CALLE 1-38 ZONA 1 GUATEMALA,RURAL,PRIVADO,RURAL_CON_ZONA_NUM
01-16-0151-46,GUATEMALA,VILLA CANALES,COLEGIO TÉCNICO SUIZO,2A. CALLE 1-38 ZONA 1 GUATEMALA,RURAL,PRIVADO,RURAL_CON_ZONA_NUM
01-16-0163-46,GUATEMALA,VILLA CANALES,"COLEGIO DE INFORMATICA AVANZADA "" COMPUCEIC""",6A. CALLE 2-35 ZONA 1 BOCA DEL MONTE GUATEMALA,RURAL,PRIVADO,RURAL_CON_ZONA_NUM
01-16-0164-46,GUATEMALA,VILLA CANALES,"COLEGIO DE INFORMATICA AVANZADA "" COMPUCEIC """,6A CALLE 2-35 ZONA 1 BOCA DEL MONTE GUATEMALA,RURAL,PRIVADO,RURAL_CON_ZONA_NUM
01-16-0175-46,GUATEMALA,VILLA CANALES,CENTRO EDUCATIVO INTEGRAL COMPUTARIZADO,6A. CALLE 2-35 ZONA 1 BOCA DEL MONTE,RURAL,PRIVADO,RURAL_CON_ZONA_NUM
01-16-0179-46,GUATEMALA,VILLA CANALES,COLEGIO CARLOS ENRIQUE PÉREZ RAMÍREZ,"2A. CALLE ""A"" 4-41 ZONA 1 BOCA DEL MONTE",RURAL,PRIVADO,RURAL_CON_ZONA_NUM
01-16-0182-46,GUATEMALA,VILLA CANALES,"COLEGIO MIXTO ""SANTA ELENA DEL SUR""",6A. AVENIDA 3-29 ZONA 1 SANTA ELENA BARILLAS,RURAL,PRIVADO,RURAL_CON_ZONA_NUM
01-16-4197-46,GUATEMALA,VILLA CANALES,LICEO PROFESIONAL DE COMPUTACION 'MANUEL GALICH',"2A. CALLE 3-61 ZONA 1, BOCA DEL MONTE",RURAL,PRIVADO,RURAL_CON_ZONA_NUM
01-16-6794-46,GUATEMALA,VILLA CANALES,COLEGIO INTEGRAL CANALEÑO DR. JUAN JOSE AREVALO BERMEJO,3A. AVE. 2-09 VILLA CANALES,URBANA,PRIVADO,SIN_TOKENS
01-16-8866-46,GUATEMALA,VILLA CANALES,LICEO CENTROAMERICANO BOCA DEL MONTE,1A. CALLE 2-60 ZONA 1 BOCA DEL MONTE,RURAL,PRIVADO,RURAL_CON_ZONA_NUM
01-16-8871-46,GUATEMALA,VILLA CANALES,LICEO CENTROAMERICANO BOCA DEL MONTE,1A. CALLE 2-60 ZONA 1 BOCA DEL MONTE,RURAL,PRIVADO,RURAL_CON_ZONA_NUM
01-16-8872-46,GUATEMALA,VILLA CANALES,LICEO CENTROAMERICANO BOCA DEL MONTE,1A. CALLE 2-60 ZONA 1 BOCA DEL MONTE,RURAL,PRIVADO,RURAL_CON_ZONA_NUM
01-16-9001-46,GUATEMALA,VILLA CANALES,LICEO MIXTO QUIRIGUA,"CASA 5-I, COLONIA PANORAMA DEL VALLE",RURAL,PRIVADO,RURAL_SOLO_TOKENS_URBANOS
01-17-0113-46,GUATEMALA,SAN MIGUEL PETAPA,INSTITUTO DE EDUCACION DIVERSIFICADA POR COOPERATIVA DE VILLA HERMOSA,"25 AVENIDA, 25-97, VILLA HERMOSA II",RURAL,COOPERATIVA,RURAL_SOLO_TOKENS_URBANOS
01-17-0125-46,GUATEMALA,SAN MIGUEL PETAPA,INSTITUTO DE EDUCACION DIVERSIFICADA POR COOPERATIVA DE VILLA HERMOSA,"25 AVENIDA, 25-97, VILLA HERMOSA II",RURAL,COOPERATIVA,RURAL_SOLO_TOKENS_URBANOS
13-01-0072-45,HUEHUETENANGO,HUEHUETENANGO,LICEO Y ACADEMIA ADVENTISTA 'DIEGUEZ OLAVERRI',EL TERRERO ZONA 4,RURAL,PRIVADO,RURAL_CON_ZONA_NUM
13-01-0155-45,HUEHUETENANGO,HUEHUETENANGO,COLEGIO SAN FRANCISCO JAVIER DE HUEHUETENANGO,CORRAL CHIQUITO ZONA 8,RURAL,PRIVADO,RURAL_CON_ZONA_NUM
13-01-0173-45,HUEHUETENANGO,HUEHUETENANGO,COLEGIO DE LA SALLE,CABECERA DEPARTAMENTAL,URBANA,PRIVADO,SIN_TOKENS
13-01-0174-45,HUEHUETENANGO,HUEHUETENANGO,LICEO CRISTIANO MIXTO TIERRA FERTIL,CABECERA DEPARTAMENTAL,URBANA,PRIVADO,SIN_TOKENS
13-01-0267-45,HUEHUETENANGO,HUEHUETENANGO,CENTRO DE EDUCACIÓN EXTRAESCOLAR CEEX EN SU MODALIDAD SEMIPRESENCIAL,CHIMUSINIQUE ZONA 12,RURAL,PRIVADO,RURAL_CON_ZONA_NUM
13-01-0299-45,HUEHUETENANGO,HUEHUETENANGO,INSTITUTO NACIONAL DE EDUCACIÓN BÁSICA,LAS LAGUNAS ZONA 10,RURAL,OFICIAL,RURAL_CON_ZONA_NUM
13-01-0351-45,HUEHUETENANGO,HUEHUETENANGO,COORDINACIÓN DEPARTAMENTAL DE TELESECUNDARIA,CABECERA MUNICIPAL,RURAL,OFICIAL,RURAL_SOLO_TOKENS_URBANOS
13-01-0380-45,HUEHUETENANGO,HUEHUETENANGO,COLEGIO EVANGÉLICO MIXTO FILADELFIA,SEGUNDO CARRIZAL ZONA 3,RURAL,PRIVADO,RURAL_CON_ZONA_NUM
13-01-0410-45,HUEHUETENANGO,HUEHUETENANGO,"LICEO CRISTIANO ""NUEVOS HORIZONTES""",CABECERA DEPARTAMENTAL,URBANA,PRIVADO,SIN_TOKENS
13-03-7094-45,HUEHUETENANGO,MALACATANCITO,COLEGIO MIXTO INTERCULTURAL MALACATANCITO,NAN,URBANA,PRIVADO,LONGITUD_INSUFICIENTE
13-04-0072-45,HUEHUETENANGO,CUILCO,COLEGIO INTEGRAL EMPRESARIAL CUILQUENSE POR MADUREZ,CUILCO,URBANA,PRIVADO,LONGITUD_INSUFICIENTE
13-04-6730-45,HUEHUETENANGO,CUILCO,COLEGIO PRIVADO MIXTO 'PERLA ESCONDIDA',CUILCO,URBANA,PRIVADO,LONGITUD_INSUFICIENTE
13-05-0034-45,HUEHUETENANGO,NENTON,COLEGIO PRIVADO MIXTO NENTONENSE,NENTON,URBANA,PRIVADO,LONGITUD_INSUFICIENTE
13-05-4946-45,HUEHUETENANGO,NENTON,INSTITUTO DE EDUCACION BASICA POR COOPERATIVA,"COLONIA NUEVA ESPERANZA, CHACULA",RURAL,COOPERATIVA,RURAL_SOLO_TOKENS_URBANOS
13-05-6733-45,HUEHUETENANGO,NENTON,COLEGIO EVANGELICO MIXTO LA VID VERDADERA,MUNICIPIO DE NENTON,URBANA,PRIVADO,SIN_TOKENS
13-06-0382-45,HUEHUETENANGO,SAN PEDRO NECTA,INEB CON ORIENTACION AGRICOLA,CANTÓN EL LLANO,URBANA,OFICIAL,URBANA_SIN_EVIDENCIA
13-07-0002-45,HUEHUETENANGO,JACALTENANGO,INSTITUTO NACIONAL DE EDUCACION BASICA DE TELESECUNDARIA,BARRIO SSAT MAJTE,RURAL,OFICIAL,RURAL_SOLO_TOKENS_URBANOS
13-07-0017-45,HUEHUETENANGO,JACALTENANGO,INEB,CANTÓN PARROQUIA,URBANA,OFICIAL,URBANA_SIN_EVIDENCIA
13-07-0022-45,HUEHUETENANGO,JACALTENANGO,INEB DE TELESECUNDARIA,BARRIO KULUS SAJILAJ,RURAL,OFICIAL,RURAL_SOLO_TOKENS_URBANOS
13-07-0073-45,HUEHUETENANGO,JACALTENANGO,"LICEO MIXTO PRIVADO ""CAMPOSECO""",CANTÓN EL LLANO,URBANA,PRIVADO,URBANA_SIN_EVIDENCIA
13-07-0434-45,HUEHUETENANGO,JACALTENANGO,IEBC JACALTENANGO,CANTON PARROQUIA,URBANA,COOPERATIVA,URBANA_SIN_EVIDENCIA
13-07-1627-45,HUEHUETENANGO,JACALTENANGO,ESCUELA DE FORMACION AGRICOLA DE JACALTENANGO,CANTON SAN SEBASTIAN,URBANA,OFICIAL,URBANA_SIN_EVIDENCIA
13-07-7040-45,HUEHUETENANGO,JACALTENANGO,LICEO MIXTO PRIVADO CAMPOSECO,CANTON LLANO,URBANA,PRIVADO,URBANA_SIN_EVIDENCIA
13-08-0500-45,HUEHUETENANGO,SAN PEDRO SOLOMA,INEB BERNARDO ALVARADO TELLO,SAN PEDRO SOLOMA,URBANA,OFICIAL,SIN_TOKENS
13-08-6873-45,HUEHUETENANGO,SAN PEDRO SOLOMA,"COLEGIO PARROQUIAL ""SAN PEDRO""",SAN PEDRO SOLOMA,URBANA,PRIVADO,SIN_TOKENS
13-11-6290-45,HUEHUETENANGO,LA LIBERTAD,COLEGIO EVANGELICO MIXTO 'ALFA Y OMEGA',LA LIBERTAD,URBANA,PRIVADO,SIN_TOKENS
13-12-0087-45,HUEHUETENANGO,LA DEMOCRACIA,"COLEGIO EVANGELICO MIXTO ""NAZARET""",LA DEMOCRACIA,URBANA,PRIVADO,SIN_TOKENS
13-12-0638-45,HUEHUETENANGO,LA DEMOCRACIA,INSTITUTO NACIONAL DE EDUCACIÓN BÁSICA,LA DEMOCRACIA,URBANA,OFICIAL,SIN_TOKENS
13-13-0031-45,HUEHUETENANGO,SAN MIGUEL ACATAN,"COLEGIO PARROQUIAL ""DIANA ORTIZ""",SAN MIGUEL ACATAN,URBANA,PRIVADO,SIN_TOKENS
13-15-0033-45,HUEHUETENANGO,TODOS SANTOS CUCHUMATAN,INEB,CANTÓN LA NUEVA COMUNIDAD,URBANA,OFICIAL,URBANA_SIN_EVIDENCIA
13-15-0058-45,HUEHUETENANGO,TODOS SANTOS CUCHUMATAN,LICEO PRIVADO SEÑOR SAN MARTÍN,ALDEA SAN MARTÍN,URBANA,PRIVADO,URBANA_SIN_EVIDENCIA
13-15-0763-45,HUEHUETENANGO,TODOS SANTOS CUCHUMATAN,IEBC INSTITUTO NACIONAL DE EDUCACIÓN BÁSICA POR COOPERATIVA,TODOS SANTOS CUCHUMATÁN,URBANA,COOPERATIVA,SIN_TOKENS
13-16-6094-45,HUEHUETENANGO,SAN JUAN ATITAN,IEBC DE ENSEÑANZA,SAN JUAN ATITAN,URBANA,COOPERATIVA,SIN_TOKENS
13-17-0025-45,HUEHUETENANGO,SANTA EULALIA,INEB,CANTÓN VISTA HERMOSA,URBANA,OFICIAL,URBANA_SIN_EVIDENCIA
13-17-0081-45,HUEHUETENANGO,SANTA EULALIA,"COLEGIO PRIVADO MIXTO ""CIENCIAS MODERNAS""",CBECERA MUNICIPAL,URBANA,PRIVADO,SIN_TOKENS
13-17-0858-45,HUEHUETENANGO,SANTA EULALIA,IEBC SANTA EULALIA,CANTON VISTA HERMOSA,URBANA,COOPERATIVA,URBANA_SIN_EVIDENCIA
13-17-6929-45,HUEHUETENANGO,SANTA EULALIA,NUCLEO FAMILIAR EDUCATIVO PARA EL DESARROLLO NUFED,CANTÓN VISTA HERMOSA,URBANA,OFICIAL,URBANA_SIN_EVIDENCIA
13-18-0912-45,HUEHUETENANGO,SAN MATEO IXTATAN,IEBC INSTITUTO DE EDUCACIÓN BÁSICA POR COOPERATIVA,SAN MATEO IXTATÁN,URBANA,COOPERATIVA,SIN_TOKENS
13-18-6919-45,HUEHUETENANGO,SAN MATEO IXTATAN,INSTITUTO DE EDUCACIÓN BÁSICA POR COOPERATIVA DE ENSEÑANZA YINHATIL NAB´EN (SEMILLA DE LA SABIDURÍA),CANTÓN CHAKCHAKK´EN 02/01/2014,URBANA,COOPERATIVA,URBANA_SIN_EVIDENCIA
13-19-6736-45,HUEHUETENANGO,COLOTENANGO,INSTITUTO MIXTO DE EDUCACIÓN BÁSICA MAYA MAM K`ULB` IL NAB IL,CASERÍO LA CRUZ,URBANA,PRIVADO,URBANA_SIN_EVIDENCIA
13-20-0025-45,HUEHUETENANGO,SAN SEBASTIAN HUEHUETENANGO,INEB,CABECERA MUNICIPAL,RURAL,OFICIAL,RURAL_SOLO_TOKENS_URBANOS
13-20-0976-45,HUEHUETENANGO,SAN SEBASTIAN HUEHUETENANGO,IEBC INSTITUTO DE EDUCACIÓN BÁSICA POR COOPERATIVA,SAN SEBASTIÁN HUEHUETENANGO,URBANA,COOPERATIVA,SIN_TOKENS
13-22-4895-45,HUEHUETENANGO,CONCEPCION HUISTA,CENTRO EDUCATIVO COMUNITARIO DEL CICLO BASICO,CANTON MENDEZ,URBANA,PRIVADO,URBANA_SIN_EVIDENCIA
13-24-0020-45,HUEHUETENANGO,SAN ANTONIO HUISTA,INSTITUTO NORMAL PRIVADO JUAN JOSE AREVALO BERMEJO,CANTON REFORMA,URBANA,PRIVADO,URBANA_SIN_EVIDENCIA
13-24-0040-45,HUEHUETENANGO,SAN ANTONIO HUISTA,COLEGIO CRISTIANO BETHEL,CANTÓN RECREO,URBANA,PRIVADO,URBANA_SIN_EVIDENCIA
13-24-1077-45,HUEHUETENANGO,SAN ANTONIO HUISTA,"INSTITUTO NACIONAL DE EDUCACIÓN BÁSICA, JORNADA MATUTINA",CANTÓN REFORMA,URBANA,OFICIAL,URBANA_SIN_EVIDENCIA
13-25-0018-45,HUEHUETENANGO,SAN SEBASTIAN COATAN,INSTITUTO NACIONAL DE EDUCACIÓN BÁSICA,CASERÍO MECLOL ALDEA QUIQUILUM,URBANA,OFICIAL,URBANA_SIN_EVIDENCIA
13-25-0070-45,HUEHUETENANGO,SAN SEBASTIAN COATAN,COLEGIO EVANGÉLICO PRIVADO MIXTO GETSEMANÍ,SAN JOSÉ PUEBLO NUEVO JUCUP,RURAL,PRIVADO,SIN_TOKENS
13-25-5513-45,HUEHUETENANGO,SAN SEBASTIAN COATAN,INSTITUTO DE EDUCACIÓN BÁSICA POR COOPERATIVA,CASERÍO YIBANSUL,URBANA,COOPERATIVA,URBANA_SIN_EVIDENCIA
13-26-7115-45,HUEHUETENANGO,SANTA CRUZ BARILLAS,COLEGIO PRIVADO MIXTO SANTA MARTA VILLA SEÑOR,VILLA DE BARILLAS,URBANA,PRIVADO,SIN_TOKENS
13-28-1508-45,HUEHUETENANGO,SAN RAFAEL PETZAL,IEBC DE ENSEÑANZA,NAN,URBANA,COOPERATIVA,LONGITUD_INSUFICIENTE
13-30-5927-45,HUEHUETENANGO,SANTIAGO CHIMALTENANGO,INEB DE TELESECUNDARIA,CANTON LAS PIEDRAS,URBANA,OFICIAL,URBANA_SIN_EVIDENCIA
13-31-1395-45,HUEHUETENANGO,SANTA ANA HUISTA,IEBC DE ENSEÑANZA,CANTON SAN JOSE,URBANA,COOPERATIVA,URBANA_SIN_EVIDENCIA
13-32-0002-45,HUEHUETENANGO,UNION CANTINIL,INEB,CANTÓN CENTRAL,URBANA,OFICIAL,URBANA_SIN_EVIDENCIA
13-32-0003-45,HUEHUETENANGO,UNION CANTINIL,INEB DE TELESECUNDARIA,CANTÓN SAN FRANCISCO,URBANA,OFICIAL,URBANA_SIN_EVIDENCIA
13-33-0014-45,HUEHUETENANGO,PETATAN,INSTITUTO DE EDUCACIÓN BÁSICA POR COOPERATIVA DE ENSEÑANZA PETATÁN,CANTÓN SAN SEBASTIÁN,URBANA,COOPERATIVA,URBANA_SIN_EVIDENCIA
13-01-0156-46,HUEHUETENANGO,HUEHUETENANGO,COLEGIO SAN FRANCISCO JAVIER DE HUEHUETENANGO,CORRAL CHIQUITO ZONA 8,RURAL,PRIVADO,RURAL_CON_ZONA_NUM
13-01-0313-46,HUEHUETENANGO,HUEHUETENANGO,COLEGIO EVANGÉLICO MIXTO FILADELFIA,SEGUNDO CARRIZAL ZONA 3,RURAL,PRIVADO,RURAL_CON_ZONA_NUM
13-01-0342-46,HUEHUETENANGO,HUEHUETENANGO,INSTITUTO NACIONAL DE EDUCACIÓN DIVERSIFICADA,"4A. AVENIDA Y 4A. CALLE, ZACULEU CENTRAL ZONA 9",RURAL,OFICIAL,RURAL_CON_ZONA_NUM
13-02-0306-46,HUEHUETENANGO,CHIANTLA,"COLEGIO PARROQUIAL ""NUESTRA SEÑORA DE CANDELARIA""",CANTÓN PARROQUIA,URBANA,PRIVADO,URBANA_SIN_EVIDENCIA
13-04-0118-46,HUEHUETENANGO,CUILCO,CENTRO DE EDUCACIÓN EXTRAESCOLAR MUNICIPAL-CEEXM,16/10/2021,URBANA,PRIVADO,SIN_TOKENS
13-06-5758-46,HUEHUETENANGO,SAN PEDRO NECTA,COLEGIO EVANGELICO MIXTO GETSEMANI,"SAN PEDRO NECTA, HUEHUETENANGO",URBANA,PRIVADO,SIN_TOKENS
13-06-6072-46,HUEHUETENANGO,SAN PEDRO NECTA,INSTITUTO PRIVADO MIXTO 'SAMPEDRANO',CANTON EL LLANO,URBANA,PRIVADO,URBANA_SIN_EVIDENCIA
13-07-0067-46,HUEHUETENANGO,JACALTENANGO,INSTITUTO NACIONAL DE EDUCACIÓN DIVERSIFICADA,CANTÓN SAN SEBASTIÁN,URBANA,OFICIAL,URBANA_SIN_EVIDENCIA
13-07-0075-46,HUEHUETENANGO,JACALTENANGO,INSTITUTO NACIONAL TECNOLÓGICO,CANTÓN SAN SEBASTIÁN,URBANA,OFICIAL,URBANA_SIN_EVIDENCIA
13-08-0049-46,HUEHUETENANGO,SAN PEDRO SOLOMA,LICEO TÉCNICO LIBERADOR KAROL WOJTILA,BARRIO COTZAN,RURAL,PRIVADO,RURAL_SOLO_TOKENS_URBANOS
13-09-0045-46,HUEHUETENANGO,SAN ILDEFONSO IXTAHUACAN,COLEGIO PRIVADO MIXTO PREUNIVERSITARIO CIENTIFICO INTEGRAL,SAN ILDEFONSO IXTAHUACAN,URBANA,PRIVADO,SIN_TOKENS
13-09-1582-46,HUEHUETENANGO,SAN ILDEFONSO IXTAHUACAN,INSTITUTO NORMAL MIXTO PRIVADO 'AJPON',SAN ILDEFONSO,URBANA,PRIVADO,SIN_TOKENS
13-12-0076-46,HUEHUETENANGO,LA DEMOCRACIA,INSTITUTO NACIONAL DE EDUCACION DIVERSIFICADA,LA DEMOCRACIA,URBANA,OFICIAL,SIN_TOKENS
13-12-0102-46,HUEHUETENANGO,LA DEMOCRACIA,INSTITUTO PRIVADO MIXTO DE MAGISTERIO DE EDUCACIÓN PRIMARIA INTERCULTURAL,CAMOJALLITO,RURAL,PRIVADO,SIN_TOKENS
13-12-0108-46,HUEHUETENANGO,LA DEMOCRACIA,INSTITUTO PRIVADO MIXTO INTERCULTURAL,CAMOJALLITO,RURAL,PRIVADO,SIN_TOKENS
13-12-0112-46,HUEHUETENANGO,LA DEMOCRACIA,COLEGIO EVANGÉLICO MIXTO LAS DOCE PERLAS,LA MESILLA,RURAL,PRIVADO,SIN_TOKENS
13-12-0125-46,HUEHUETENANGO,LA DEMOCRACIA,COLEGIO EVANGÉLICO PRIVADO MIXTO CASTILLO FUERTE,LA MESILLA,RURAL,PRIVADO,SIN_TOKENS
13-15-0048-46,HUEHUETENANGO,TODOS SANTOS CUCHUMATAN,"INSTITUTO NACIONAL DE EDUCACION DIVERSIFICADA, TODOSANTERO",CANTON EL CALVARIO,URBANA,OFICIAL,URBANA_SIN_EVIDENCIA
13-16-0022-46,HUEHUETENANGO,SAN JUAN ATITAN,INSTITUTO DE EDUCACIÓN DIVERSIFICADA POR COOPERATIVA DE ENSEÑANZA CANTÓN EL BOSQUE,CANTÓN EL BOSQUE,URBANA,COOPERATIVA,URBANA_SIN_EVIDENCIA
13-17-0060-46,HUEHUETENANGO,SANTA EULALIA,"COLEGIO PRIVADO MIXTO ""ELOHIM""","CANTÓN VISTA HERMOSA SANTA EULALIA, HUEHUETENANGO",URBANA,PRIVADO,URBANA_SIN_EVIDENCIA
13-17-0075-46,HUEHUETENANGO,SANTA EULALIA,INSTITUTO NACIONAL DE EDUCACIÓN DIVERSIFICADA,CANTÓN CENTRO,URBANA,OFICIAL,URBANA_SIN_EVIDENCIA
13-17-0076-46,HUEHUETENANGO,SANTA EULALIA,INSTITUTO DE EDUCACIÓN DIVERSIFICADA POR COOPERATIVA DE ENSEÑANZA SANTA EULALIA,VISTA HERMOSA,URBANA,COOPERATIVA,SIN_TOKENS
13-17-0078-46,HUEHUETENANGO,SANTA EULALIA,"COLEGIO PRIVADO MIXTO EVANGELICO ""SHALEM""",CANTÓN CALVARIO,URBANA,PRIVADO,URBANA_SIN_EVIDENCIA
13-17-0083-46,HUEHUETENANGO,SANTA EULALIA,"COLEGIO PRIVADO MIXTO ""ELOHIM""",CANTÓN VISTA HERMOSA,URBANA,PRIVADO,URBANA_SIN_EVIDENCIA
13-18-0048-46,HUEHUETENANGO,SAN MATEO IXTATAN,INSTITUTO DE EDUCACIÓN DIVERSIFICADA POR COOPERATIVA DE ENSEÑANZA YINHATIL NAB´EN (SEMILLA DE LA SABIDURÍA),CANTÓN CHAKCHAKK´EN,URBANA,COOPERATIVA,URBANA_SIN_EVIDENCIA
13-18-0075-46,HUEHUETENANGO,SAN MATEO IXTATAN,INSTITUTO NACIONAL DE EDUCACIÓN DIVERSIFICADA,CANTÓN YUNECHONHAB,URBANA,OFICIAL,URBANA_SIN_EVIDENCIA
13-20-1784-46,HUEHUETENANGO,SAN SEBASTIAN HUEHUETENANGO,"COLEGIO PRIVADO MIXTO ""CIENCIA Y CULTURA""","SAN SEBASTIAN, HUEHUETENANGO",URBANA,PRIVADO,SIN_TOKENS
13-22-0043-46,HUEHUETENANGO,CONCEPCION HUISTA,INSTITUTO NACIONAL DE EDUCACIÓN DIVERSIFICADA,CANTÓN CIPRÉS,URBANA,OFICIAL,URBANA_SIN_EVIDENCIA
13-24-0012-46,HUEHUETENANGO,SAN ANTONIO HUISTA,"COLEGIO PRIVADO MIXTO ""NUEVOS HORIZONTES""",CANTON CENTRAL,URBANA,PRIVADO,URBANA_SIN_EVIDENCIA
13-24-0021-46,HUEHUETENANGO,SAN ANTONIO HUISTA,INSTITUTO NORMAL PRIVADO JUAN JOSE AREVALO BERMEJO,CANTON REFORMA,URBANA,PRIVADO,URBANA_SIN_EVIDENCIA
13-24-0022-46,HUEHUETENANGO,SAN ANTONIO HUISTA,INSTITUTO NACIONAL DE EDUCACION DIVERSIFICADA,CANTON REFORMA,URBANA,OFICIAL,URBANA_SIN_EVIDENCIA
13-24-0033-46,HUEHUETENANGO,SAN ANTONIO HUISTA,ESCUELA DE CAFICULTURA REGIÓN HUISTA,CANTÓN REFORMA,URBANA,PRIVADO,URBANA_SIN_EVIDENCIA
13-24-0037-46,HUEHUETENANGO,SAN ANTONIO HUISTA,"INSTITUTO NORMAL PRIVADO ""JUAN JOSÉ ARÉVALO BERMEJO""",CANTÓN REFORMA,URBANA,PRIVADO,URBANA_SIN_EVIDENCIA
13-24-0041-46,HUEHUETENANGO,SAN ANTONIO HUISTA,"COLEGIO CRISTIANO ""BETHEL""",CANTÓN RECREO,URBANA,PRIVADO,URBANA_SIN_EVIDENCIA
13-25-0039-46,HUEHUETENANGO,SAN SEBASTIAN COATAN,"COLEGIO PRIVADO MIXTO ""EL PARAISO""",SAN SEBASTIAN COATAN,URBANA,PRIVADO,SIN_TOKENS
13-26-0177-46,HUEHUETENANGO,SANTA CRUZ BARILLAS,COLEGIO PRIVADO MIXTO SANTA MARTA VILLA SEÑOR,SANTA CRUZ BARILLAS,URBANA,PRIVADO,SIN_TOKENS
13-26-5411-46,HUEHUETENANGO,SANTA CRUZ BARILLAS,COLEGIO EVANGELICO BEREA,VILLA DE BARILLAS,URBANA,PRIVADO,SIN_TOKENS
13-26-6298-46,HUEHUETENANGO,SANTA CRUZ BARILLAS,INSTITUTO PRIVADO MIXTO CARLOS SAGASTUME PEREZ,VILLA DE BARILLAS,URBANA,PRIVADO,SIN_TOKENS
13-27-0082-46,HUEHUETENANGO,AGUACATAN,"COLEGIO EVANGÉLICO ""BELÉN""",7A. AVENIDA 3-40 ZONA 1,RURAL,PRIVADO,RURAL_CON_ZONA_NUM
13-31-0019-46,HUEHUETENANGO,SANTA ANA HUISTA,INSTITUTO NACIONAL DE EDUCACION DIVERSIFICADA,CANTON SAN JUAN,URBANA,OFICIAL,URBANA_SIN_EVIDENCIA
13-32-0017-46,HUEHUETENANGO,UNION CANTINIL,LICEO PRIVADO MIXTO DAVINCI,CANTON BUENOS AIRES,URBANA,PRIVADO,URBANA_SIN_EVIDENCIA
13-32-0035-46,HUEHUETENANGO,UNION CANTINIL,INSTITUTO NACIONAL DE EDUCACIÓN DIVERSIFICADA,CANTÓN CENTRAL,URBANA,OFICIAL,URBANA_SIN_EVIDENCIA
13-33-0015-46,HUEHUETENANGO,PETATAN,INSTITUTO NACIONAL DE EDUCACIÓN DIVERSIFICADA PETATÁN,CANTÓN SAN SEBASTIÁN,URBANA,OFICIAL,URBANA_SIN_EVIDENCIA
18-01-0160-45,IZABAL,PUERTO BARRIOS,"COLEGIO PARTICULAR MIXTO ""PIEDRAS NEGRAS""","COLONIA PIEDRAS NEGRAS, SANTO TOMÁS DE CASTILLA",RURAL,PRIVADO,RURAL_SOLO_TOKENS_URBANOS
18-01-0169-45,IZABAL,PUERTO BARRIOS,INEB MIGUEL ANGEL ASTURIAS,COLONIA COVIEMPORT,RURAL,OFICIAL,RURAL_SOLO_TOKENS_URBANOS
18-01-0245-45,IZABAL,PUERTO BARRIOS,COLEGIO PARTICULAR MIXTO SHADDAI,"COLONIA SAN AGUSTIN, DE SANTO TOMAS DE CASTILLA",RURAL,PRIVADO,RURAL_SOLO_TOKENS_URBANOS
18-01-0293-45,IZABAL,PUERTO BARRIOS,INEB,"COLONIA EL MANANTIAL, SANTO TOMAS DE CASTILLA",RURAL,OFICIAL,RURAL_SOLO_TOKENS_URBANOS
18-01-0323-45,IZABAL,PUERTO BARRIOS,"INSTITUTO PARTICULAR MIXTO ""EL DIVINO MAESTRO""","BARRIO EL PUEBLITO, SANTO TOMÁS DE CASTILLA",RURAL,PRIVADO,RURAL_SOLO_TOKENS_URBANOS
18-01-0355-45,IZABAL,PUERTO BARRIOS,"COLEGIO PRIVADO MIXTO ""SAN JOSE""","BARRIO EL PUEBLITO, SANTO TOMAS DE CASTILLA",RURAL,PRIVADO,RURAL_SOLO_TOKENS_URBANOS
18-01-0373-45,IZABAL,PUERTO BARRIOS,LICEO TECNICO GUATEMALTECO IDETI,PLACA 1,RURAL,PRIVADO,LONGITUD_INSUFICIENTE
18-01-0412-45,IZABAL,PUERTO BARRIOS,CAB SCHOOL PUERTO BARRIOS,"RIO CACAO, KILOMETRO 292, RUTA AL ATLANTICO",URBANA,PRIVADO,URBANA_KM_SIN_CONTEXTO
18-01-0418-45,IZABAL,PUERTO BARRIOS,CENTRO DE EDUCACION EXTRAESCOLAR -CEEX-DEPARTAMENTAL,20 AVENIDA 13-14 CALLE,RURAL,OFICIAL,RURAL_SOLO_TOKENS_URBANOS
18-01-0437-45,IZABAL,PUERTO BARRIOS,LICEO EDUCATIVO DE FORMACION INTEGRAL FUENTE DE VIDA,"CASERÍA COLINA II, SANTO TOMÁS DE CASTILLA",RURAL,PRIVADO,SIN_TOKENS
18-01-0471-45,IZABAL,PUERTO BARRIOS,"COLEGIO PRIVADO MIXTO ""SAN JOSE""","BARRIO EL PUEBLITO, SANTO TOMAS DE CASTILLA",RURAL,PRIVADO,RURAL_SOLO_TOKENS_URBANOS
18-01-0492-45,IZABAL,PUERTO BARRIOS,"COLEGIO PARTICULAR MIXTO ""SHADDAI""","3A. CALLE 1A. AVENIDA, COLONIA SAN AGUSTÍN, SANTO TOMÁS DE CASTILLA",RURAL,PRIVADO,RURAL_SOLO_TOKENS_URBANOS
18-01-2382-45,IZABAL,PUERTO BARRIOS,INEB DE TELESECUNDARIA JACOBO AREVALO MEDINA,"COLONIA BETHANIA, CRUCE A SANTO TOMAS DE CASTILLA",RURAL,OFICIAL,RURAL_SOLO_TOKENS_URBANOS
18-01-2918-45,IZABAL,PUERTO BARRIOS,"INSTITUTO PARTICULAR MIXTO ""EL DIVINO MAESTRO""",BARRIO EL PUEBLITO,RURAL,PRIVADO,RURAL_SOLO_TOKENS_URBANOS
18-01-3234-45,IZABAL,PUERTO BARRIOS,COLEGIO PARTICULAR MIXTO PIEDRAS NEGRAS,"COLONIA PIEDRAS NEGRAS, SANTO TOMÁS DE CASTILLA",RURAL,PRIVADO,RURAL_SOLO_TOKENS_URBANOS
18-01-3236-45,IZABAL,PUERTO BARRIOS,COLEGIO PARTICULAR MIXTO PIEDRAS NEGRAS,"COLONIA PIEDRAS NEGRAS, SANTO TOMÁS DE CASTILLA",RURAL,PRIVADO,RURAL_SOLO_TOKENS_URBANOS
18-01-3273-45,IZABAL,PUERTO BARRIOS,NUCLEO FAMILIAR EDUCATIVO PARA EL DESARROLLO -NUFED- NO. 615,"COLONIA QUEBRADA SECA, SANTO TOMAS DE CASTILLA PUERTO BARRIOS, IZABAL",RURAL,OFICIAL,RURAL_SOLO_TOKENS_URBANOS
18-02-0257-45,IZABAL,LIVINGSTON,NUCLEO FAMILIAR EDUCATIVO PARA EL DESARROLLO NUFED NO. 443,BARRIO NEVAGO,RURAL,OFICIAL,RURAL_SOLO_TOKENS_URBANOS
18-02-0356-45,IZABAL,LIVINGSTON,LICEO INFANTIL RIO DULCE,BARRIO EL TALLER,RURAL,PRIVADO,RURAL_SOLO_TOKENS_URBANOS
18-02-0371-45,IZABAL,LIVINGSTON,INEB,PLAN GRANDE QUEHUECHE,RURAL,OFICIAL,SIN_TOKENS
18-03-0126-45,IZABAL,EL ESTOR,INEB DE TELESECUNDARIA,BARRIO LOS CERRITOS,RURAL,OFICIAL,RURAL_SOLO_TOKENS_URBANOS
18-03-0245-45,IZABAL,EL ESTOR,IEBC DE ENSEÑANZA,ALDEA CHICHIPATE,URBANA,COOPERATIVA,URBANA_SIN_EVIDENCIA
18-04-0372-45,IZABAL,MORALES,IEBC DE ENSEÑANZA LUIS ALBERTO ACEITUNO QUEZADA,ALDEA PLAYITAS,URBANA,COOPERATIVA,URBANA_SIN_EVIDENCIA
18-04-2730-45,IZABAL,MORALES,INSTITUTO EVANGELICO PARTICULAR MIXTO BAUTISTA,BANANERA,URBANA,PRIVADO,LONGITUD_INSUFICIENTE
18-05-0132-45,IZABAL,LOS AMATES,"COLEGIO PRIVADO ""LIC. DAVID VELA""",KILOMETRO 200 RUTA AL ATLANTICO,URBANA,PRIVADO,URBANA_KM_SIN_CONTEXTO
18-05-0138-45,IZABAL,LOS AMATES,"ESCUELA PARTICULAR MIXTA ""LICENCIADO DAVID VELA""",KM. 200 RUTA AL ATLANTICO,URBANA,PRIVADO,URBANA_KM_SIN_CONTEXTO
18-05-0139-45,IZABAL,LOS AMATES,"ESCUELA PARTICULAR MIXTA ""LICENCIADO DAVID VELA""",KM. 200 RUTA AL ATLANTICO,URBANA,PRIVADO,URBANA_KM_SIN_CONTEXTO
18-05-0478-45,IZABAL,LOS AMATES,INSTITUTO MIXTO DE EDUCACION BASICA JOSE MILLA,LOS AMATES,URBANA,OFICIAL,SIN_TOKENS
18-05-1981-45,IZABAL,LOS AMATES,COLEGIO J. HARVARD,KILOMETRO 201 LOS AMATES IZABAL,URBANA,PRIVADO,URBANA_KM_SIN_CONTEXTO
18-05-2226-45,IZABAL,LOS AMATES,INEB DE TELESECUNDARIA LIC. RUDY ARMANDO CETINO MONROY,COLONIA NUEVO CHIRIQUI,RURAL,OFICIAL,RURAL_SOLO_TOKENS_URBANOS
18-05-2227-45,IZABAL,LOS AMATES,INEB DE TELESECUNDARIA MIGUEL ANGEL ASTURIAS,COLONIA SEMINOLA,RURAL,OFICIAL,RURAL_SOLO_TOKENS_URBANOS
18-05-3116-45,IZABAL,LOS AMATES,ESCUELA PARTICULAR MIXTA LICENCIADO DAVID VELA,KILOMETRO 200 RUTA AL ATLANTICO,URBANA,PRIVADO,URBANA_KM_SIN_CONTEXTO
18-01-0158-46,IZABAL,PUERTO BARRIOS,"COLEGIO PARTICULAR MIXTO ""PIEDRAS NEGRAS""","COLONIA PIEDRAS NEGRAS, SANTO TOMAS DE CASTILLA",RURAL,PRIVADO,RURAL_SOLO_TOKENS_URBANOS
18-01-0162-46,IZABAL,PUERTO BARRIOS,"COLEGIO PARTICULAR MIXTO ""PIEDRAS NEGRAS""","COLONIA PIEDRAS NEGRAS, SANTO TOMÁS DE CASTILLA",RURAL,PRIVADO,RURAL_SOLO_TOKENS_URBANOS
18-01-0173-46,IZABAL,PUERTO BARRIOS,INSTITUTO NACIONAL DE EDUCACION DIVERSIFICADA,COLONIA SAN MANUEL,RURAL,OFICIAL,RURAL_SOLO_TOKENS_URBANOS
18-01-0174-46,IZABAL,PUERTO BARRIOS,INSTITUTO NACIONAL DE EDUCACION DIVERSIFICADA,COLONIA MARIA LUISA I,RURAL,OFICIAL,RURAL_SOLO_TOKENS_URBANOS
18-01-0246-46,IZABAL,PUERTO BARRIOS,COLEGIO PARTICULAR MIXTO SHADDAI,"COLONIA SAN AGUSTIN, DE SANTO TOMAS DE CASTILLA",RURAL,PRIVADO,RURAL_SOLO_TOKENS_URBANOS
18-01-0286-46,IZABAL,PUERTO BARRIOS,COLEGIO PARTICULAR MIXTO MATIAS DE GALVEZ,COLONIA PIEDRAS NEGRAS,RURAL,PRIVADO,RURAL_SOLO_TOKENS_URBANOS
18-01-0300-46,IZABAL,PUERTO BARRIOS,"INSTITUTO TECNICO DE CAPACITACION Y PRODUCTIVIDAD, INTECAP",SANTO TOMAS DE CASTILLA,RURAL,PRIVADO,SIN_TOKENS
18-01-0319-46,IZABAL,PUERTO BARRIOS,"INSTITUTO PREUNIVERSITARIO DE IZABAL ""PREU""","COLONIA SAN CRISTOBAL, ENTRE RIOS, PUERTO BARRIOS",RURAL,PRIVADO,RURAL_SOLO_TOKENS_URBANOS
18-01-0356-46,IZABAL,PUERTO BARRIOS,"COLEGIO PRIVADO MIXTO ""SAN JOSE""","BARRIO EL PUEBLITO, SANTO TOMAS DE CASTILLA",RURAL,PRIVADO,RURAL_SOLO_TOKENS_URBANOS
18-01-0358-46,IZABAL,PUERTO BARRIOS,"COLEGIO MIXTO BILINGÜE ""QUETZALLI""","3A. CALLE Y 15 AVENIDA, COLONIA LAS FLORES, SANTO TOMAS DE CASTILLA",RURAL,PRIVADO,RURAL_SOLO_TOKENS_URBANOS
18-01-0405-46,IZABAL,PUERTO BARRIOS,COLEGIO PARTICULAR MIXTO SHADDAI,3A. CALLE 1A. COLONIA SAN AGUSTIN SANTO TOMAS DE CASTILLA,RURAL,PRIVADO,RURAL_SOLO_TOKENS_URBANOS
18-01-0406-46,IZABAL,PUERTO BARRIOS,"PROGRAMA NACIONAL DE EDUCACION ALTERNATIVA, PRONEA",20 AVENIDA 13-14 CALLES,RURAL,OFICIAL,RURAL_SOLO_TOKENS_URBANOS
18-01-0413-46,IZABAL,PUERTO BARRIOS,CAB SCHOOL PUERTO BARRIOS,"RIO CACAO, KILOMETRO 292, RUTA AL ATLANTICO",URBANA,PRIVADO,URBANA_KM_SIN_CONTEXTO
18-01-0414-46,IZABAL,PUERTO BARRIOS,CENTRO DE EDUCACION EXTRAESCOLAR -CEEX-DEPARTAMENTAL,20 AVENIDA 13 Y 14 CALLE,RURAL,OFICIAL,RURAL_SOLO_TOKENS_URBANOS
18-01-0415-46,IZABAL,PUERTO BARRIOS,"COLEGIO MIXTO BILINGUE ""QUETZALLI""",3A. CALLE 15 AVENIDA COLONIA LAS FLORES SANTO TOMAS DE CASTILLA,RURAL,PRIVADO,RURAL_SOLO_TOKENS_URBANOS
18-01-0428-46,IZABAL,PUERTO BARRIOS,COLEGIO PARTICULAR MIXTO PIEDRAS NEGRAS,"COLONIA PIEDRAS NEGRAS, SANTO TOMAS DE CASTILLA",RURAL,PRIVADO,RURAL_SOLO_TOKENS_URBANOS
18-01-0438-46,IZABAL,PUERTO BARRIOS,LICEO EDUCATIVO DE FORMACION INTEGRAL FUENTE DE VIDA,"CASERÍA COLINA II, SANTO TOMÁS DE CASTILLA",RURAL,PRIVADO,SIN_TOKENS
18-01-0472-46,IZABAL,PUERTO BARRIOS,"COLEGIO PRIVADO MIXTO ""SAN JOSÉ""","BARRIO EL PUEBLITO, SANTO TOMAS DE CASTILLA",RURAL,PRIVADO,RURAL_SOLO_TOKENS_URBANOS
18-01-0473-46,IZABAL,PUERTO BARRIOS,"COLEGIO PRIVADO MIXTO ""SAN JOSE""","BARRIO EL PUEBLITO, SANTO TOMAS DE CASTILLA",RURAL,PRIVADO,RURAL_SOLO_TOKENS_URBANOS
18-01-3235-46,IZABAL,PUERTO BARRIOS,COLEGIO PARTICULAR MIXTO PIEDRAS NEGRAS,"COLONIA PIEDRAS NEGRAS, SANTO TOMÁS DE CASTILLA",RURAL,PRIVADO,RURAL_SOLO_TOKENS_URBANOS
18-03-0120-46,IZABAL,EL ESTOR,INSTITUTO NACIONAL DE EDUCACION DIVERSIFICADA LICENCIADO JULIO ANTONIO DE LEON SOSA,5A. AVENIDA 3-79 ZONA 1,RURAL,OFICIAL,RURAL_CON_ZONA_NUM
18-04-0376-46,IZABAL,MORALES,INSTITUTO PRIVADO MIXTO DR. JUAN JOSE AREVALO BERMEJO,MORALES,URBANA,PRIVADO,LONGITUD_INSUFICIENTE
18-04-0503-46,IZABAL,MORALES,LICEO ALVAREZ OVALLE,BARRO LOS CASTRO,URBANA,PRIVADO,SIN_TOKENS
18-04-2838-46,IZABAL,MORALES,INSTITUTO TECNICO MORALENSE ITM,LOTIFICACION SANTA BARBARA,URBANA,MUNICIPAL,SIN_TOKENS
18-05-0032-46,IZABAL,LOS AMATES,INSTITUTO NACIONAL DE EDUCACION DIVERSIFICADA P.C. MARCO TULIO RAMIREZ ESTRADA,LOS AMATES,RURAL,OFICIAL,SIN_TOKENS
18-05-0111-46,IZABAL,LOS AMATES,COLEGIO PRIVADO LIC. DAVID VELA,KM 200 AL ATLANTICO,URBANA,PRIVADO,URBANA_KM_SIN_CONTEXTO
18-05-0133-46,IZABAL,LOS AMATES,"COLEGIO PRIVADO ""LIC. DAVID VELA""",KILOMETRO 200 RUTA AL ATLÁNTICO,URBANA,PRIVADO,URBANA_KM_SIN_CONTEXTO
18-05-0134-46,IZABAL,LOS AMATES,"COLEGIO PRIVADO ""LIC. DAVID VELA""",KILOMETRO 200 RUTA AL ATLANTICO,URBANA,PRIVADO,URBANA_KM_SIN_CONTEXTO
18-05-0141-46,IZABAL,LOS AMATES,"ESCUELA PARTICULAR MIXTA ""LICENCIADO DAVID VELA""",KILOMETRO 200 RUTA AL ATLANTICO,URBANA,PRIVADO,URBANA_KM_SIN_CONTEXTO
18-05-1982-46,IZABAL,LOS AMATES,COLEGIO J. HARVARD,KILOMETRO 201 LOS AMATES IZABAL,URBANA,PRIVADO,URBANA_KM_SIN_CONTEXTO
21-01-0340-45,JALAPA,JALAPA,COLEGIO PARTICULAR MIXTO OSCAR DE LEÓN PALACIOS,"LOTES 6F, 7F, 159F Y 160F, LOTIFICACIÓN LOS EUCALIPTOS",URBANA,PRIVADO,URBANA_SIN_EVIDENCIA
21-01-0341-45,JALAPA,JALAPA,COLEGIO PARTICULAR MIXTO OSCAR DE LEÓN PALACIOS,"LOTES 6F, 7F, 159F Y 160F, LOTIFICACIÓN LOS EUCALIPTOS",URBANA,PRIVADO,URBANA_SIN_EVIDENCIA
21-01-0342-45,JALAPA,JALAPA,COLEGIO PARTICULAR MIXTO OSCAR DE LEÓN PALACIOS,"LOTES 6F, 7F, 159F Y 160F, LOTIFICACIÓN LOS EUCALIPTOS",URBANA,PRIVADO,URBANA_SIN_EVIDENCIA
21-01-0406-45,JALAPA,JALAPA,COLEGIO PARTICULAR MIXTO OSCAR DE LÉON PALACIOS,"LOTES 6F, 7F, 159F, Y 160F, LOTIFICACIÓN LOS EUCALIPTOS",URBANA,PRIVADO,URBANA_SIN_EVIDENCIA
21-01-0817-45,JALAPA,JALAPA,INSTITUTO ADOLFO V. HALL DE JALAPA,CASERÍO LLANO GRANDE KM. 166.9,URBANA,OFICIAL,URBANA_KM_SIN_CONTEXTO
21-01-1510-45,JALAPA,JALAPA,NUCLEO FAMILIAR EDUCATIVO PARA EL DESARROLLO -NUFED-,COLONIA LOS PINOS,RURAL,OFICIAL,RURAL_SOLO_TOKENS_URBANOS
21-02-0090-45,JALAPA,SAN PEDRO PINULA,CENTRO DE EDUCACIÓN EXTRAESCOLAR -CEEX- COOPERATIVA EL RECUERDO/T-21,"RUTA NACIONAL NO. 18, KM. 123, ENTRADA AL AGUA TIBIA",URBANA,PRIVADO,URBANA_KM_SIN_CONTEXTO
21-05-0018-45,JALAPA,SAN CARLOS ALZATATE,INEB,BARRIO ENTRE RIOS,RURAL,OFICIAL,RURAL_SOLO_TOKENS_URBANOS
21-06-0037-45,JALAPA,MONJAS,INSTITUTO MUNICIPAL DE EDUCACION,LOTIFICACIÓN EL RECUERDO I,URBANA,MUNICIPAL,SIN_TOKENS
21-06-0053-45,JALAPA,MONJAS,INSTITUTO MUNICIPAL DE EDUCACIÓN,LOTIFICACIÓN EL RECUERDO I,URBANA,MUNICIPAL,SIN_TOKENS
21-06-0058-45,JALAPA,MONJAS,"COLEGIO CATÓLICO ""INMACULADA CONCEPCIÓN""",LOTIFICACIÓN EL RECUERDO I,URBANA,PRIVADO,SIN_TOKENS
21-06-1513-45,JALAPA,MONJAS,"COLEGIO EVANGELICO ""LIBERTAD""",FINCA EL YALÚ,URBANA,PRIVADO,URBANA_SIN_EVIDENCIA
21-07-0106-45,JALAPA,MATAQUESCUINTLA,COLEGIO LAUDE,CANTÓN CALVARIO,URBANA,PRIVADO,URBANA_SIN_EVIDENCIA
21-07-0272-45,JALAPA,MATAQUESCUINTLA,IEBC INSTITUTO DE EDUCACIÓN BÁSICA POR COOPERATIVA,CANTON CALVARIO,URBANA,COOPERATIVA,URBANA_SIN_EVIDENCIA
21-07-1218-45,JALAPA,MATAQUESCUINTLA,COLEGIO MIXTO DEL SAGRADO CORAZON,CANTON ELENA,URBANA,PRIVADO,URBANA_SIN_EVIDENCIA
21-01-0369-46,JALAPA,JALAPA,COLEGIO PARTICULAR MIXTO OSCAR DE LEÓN PALACIOS,"LOTES 6F, 7F, 159F Y 160F LOTIFICACIÓN LOS EUCALIPTOS",URBANA,PRIVADO,URBANA_SIN_EVIDENCIA
21-01-0390-46,JALAPA,JALAPA,PROGRAMA NACIONAL DE EDUCACIÓN ALTERNATIVA PRONEA,2A. AVENIDA FINAL FRENTE AL COMPLEJO DEPORTIVO,RURAL,OFICIAL,RURAL_SOLO_TOKENS_URBANOS
21-01-0407-46,JALAPA,JALAPA,COLEGIO PARTICULAR MIXTO OSCAR DE LEÓN PALACIOS,"LOTES 6F, 7F, 159F Y 160F, LOTIFICACIÓNLOS EUCALIPTOS",URBANA,PRIVADO,URBANA_SIN_EVIDENCIA
21-01-0437-46,JALAPA,JALAPA,COLEGIO PARTICULAR MIXTO OSCAR DE LEÓN PALACIOS,"LOTES 6F, 7F, 159F, 160F, LOTIFICACIÓN LOS EUCALIPTOS",URBANA,PRIVADO,URBANA_SIN_EVIDENCIA
21-01-0902-46,JALAPA,JALAPA,INSTITUTO ADOLFO V. HALL DE JALAPA,CASERÍO LLANO GRANDE KM. 166.9,URBANA,OFICIAL,URBANA_KM_SIN_CONTEXTO
21-02-0091-46,JALAPA,SAN PEDRO PINULA,CENTRO DE EDUCACIÓN EXTRAESCOLAR -CEEX- COOPERATIVA EL RECUERDO/T-21,"RUTA NACIONAL NO. 18, KM. 123, ENTRADA AL AGUA TIBIA",URBANA,PRIVADO,URBANA_KM_SIN_CONTEXTO
21-03-0029-46,JALAPA,SAN LUIS JILOTEPEQUE,"COLEGIO DEL NIVEL MEDIO ""SUPERACION""",BARRRIO LOS IZOTES,URBANA,PRIVADO,SIN_TOKENS
21-05-1141-46,JALAPA,SAN CARLOS ALZATATE,INSTITUTO DE EDUCACION DIVERSIFICADA POR COOPERATIVA,SAN CARLOS ALZATATE,URBANA,COOPERATIVA,SIN_TOKENS
21-06-0036-46,JALAPA,MONJAS,INSTITUTO MUNICIPAL DE EDUCACION,LOTIFICACIÓN EL RECUERDO I,URBANA,MUNICIPAL,SIN_TOKENS
21-06-0054-46,JALAPA,MONJAS,INSTITUTO MUNICIPAL DE EDUCACIÓN,LOTIFICACIÓN EL RECUERDO I,URBANA,MUNICIPAL,SIN_TOKENS
21-06-0239-46,JALAPA,MONJAS,"ESCUELA NORMAL REGIONAL DE ORIENTE ""LICENCIADO CLEMENTE MARROQUIN ROJAS""",KILOMETRO 146.5,URBANA,OFICIAL,URBANA_KM_SIN_CONTEXTO
21-07-0063-46,JALAPA,MATAQUESCUINTLA,INSTITUTO NACIONAL DE EDUCACION DIVERSIFICADA,CANTON ELENA,URBANA,OFICIAL,URBANA_SIN_EVIDENCIA
21-07-1463-46,JALAPA,MATAQUESCUINTLA,COLEGIO MIXTO DEL SAGRADO CORAZON,CANTON ELENA,URBANA,PRIVADO,URBANA_SIN_EVIDENCIA
22-01-0411-45,JUTIAPA,JUTIAPA,ESCUELA EN CIENCIAS DE LA COMUNICACIÓN -ECCO-,KM. 116-5 CARRETERA INTERAMERICANA,URBANA,PRIVADO,URBANA_KM_SIN_CONTEXTO
22-01-2028-45,JUTIAPA,JUTIAPA,ESCUELA EN CIENCIAS DE LA COMUNICACION ECCO,KM. 116.5,URBANA,PRIVADO,LONGITUD_INSUFICIENTE
22-03-0031-45,JUTIAPA,SANTA CATARINA MITA,INSTITUTO MUNICIPAL DE EDUCACIÓN BÁSICA,ALDEA EL RODEO,URBANA,MUNICIPAL,URBANA_SIN_EVIDENCIA
22-03-0155-45,JUTIAPA,SANTA CATARINA MITA,IPMB,NAN,URBANA,PRIVADO,LONGITUD_INSUFICIENTE
22-03-1508-45,JUTIAPA,SANTA CATARINA MITA,IPMB,ALDEA EL RODEO,URBANA,PRIVADO,URBANA_SIN_EVIDENCIA
22-05-0236-45,JUTIAPA,ASUNCION MITA,INEB DR. FERNANDO SANDOVAL MONTALVO,KM. 145 1/2 RUTA INTERAMERICANA,URBANA,OFICIAL,URBANA_KM_SIN_CONTEXTO
22-06-0036-45,JUTIAPA,YUPILTEPEQUE,"LICEO MIXTO EN COMPUTACIÓN ""MIRALVALLE NO. 2""",LOTE 12 Y 13 LOTIFICACIÓN VALLE VERDE,URBANA,PRIVADO,URBANA_SIN_EVIDENCIA
22-06-0318-45,JUTIAPA,YUPILTEPEQUE,IEBC .,YUPILTEPEQUE,URBANA,COOPERATIVA,SIN_TOKENS
22-08-0355-45,JUTIAPA,JEREZ,IEBC .,JEREZ,URBANA,COOPERATIVA,LONGITUD_INSUFICIENTE
22-11-0064-45,JUTIAPA,COMAPA,COLEGIO PARTICULAR MIXTO NUESTRA SEÑORA DE CONCEPCION,.,URBANA,PRIVADO,LONGITUD_INSUFICIENTE
22-11-0076-45,JUTIAPA,COMAPA,INSTITUTO PARTICULAR MIXTO DE FORMACIÓN Y DESARROLLO PROFESIONAL INDEFORP,ENTRADA AL MUNICIPIO DE COMAPA,URBANA,PRIVADO,SIN_TOKENS
22-11-0077-45,JUTIAPA,COMAPA,INSTITUTO PARTICULAR MIXTO DE FORMACIÓN Y DESARROLLO PROFESIONAL INDEFORP,ENTRADA AL MUNICIPIO DE COMAPA,URBANA,PRIVADO,SIN_TOKENS
22-11-0088-45,JUTIAPA,COMAPA,"CENTRO DE FORMACIÓN BÁSICA CEFOBA ""PALO BLANCO""",KILOMETRO 112-5 CARRETARA CA-8,URBANA,PRIVADO,URBANA_KM_SIN_CONTEXTO
22-12-0042-45,JUTIAPA,JALPATAGUA,"COLEGIO PARTICULAR MIXTO EVANGELICO ""SAMARIA""",-,URBANA,PRIVADO,LONGITUD_INSUFICIENTE
22-12-0043-45,JUTIAPA,JALPATAGUA,"COLEGIO PARTICULAR MIXTO EVANGELICO ""SAMARIA""",-,URBANA,PRIVADO,LONGITUD_INSUFICIENTE
22-13-0001-45,JUTIAPA,CONGUACO,"INSTITUTO MIXTO DE EDUCACION ""CONGUAQUENSE""",CONGUACO,URBANA,PRIVADO,LONGITUD_INSUFICIENTE
22-13-0034-45,JUTIAPA,CONGUACO,INSTITUTO MIXTO DE EDUCACION CONGUAQUENSE,CONGUACO,URBANA,PRIVADO,LONGITUD_INSUFICIENTE
22-13-0044-45,JUTIAPA,CONGUACO,INSTITUTO MIXTO DE EDUCACIÓN CONGUAQUENSE,CASERIO BRIOTIS,URBANA,PRIVADO,URBANA_SIN_EVIDENCIA
22-13-0051-45,JUTIAPA,CONGUACO,LICEO CONGUAQUENSE,CASERO BRIOTIS,RURAL,PRIVADO,SIN_TOKENS
22-13-0440-45,JUTIAPA,CONGUACO,IEBC DE ENSEÑANZA,.,URBANA,COOPERATIVA,LONGITUD_INSUFICIENTE
22-13-2329-45,JUTIAPA,CONGUACO,INSTITUTO MIXTO DE EDUCACION CONGUACO,.,URBANA,PRIVADO,LONGITUD_INSUFICIENTE
22-14-0083-45,JUTIAPA,MOYUTA,COLEGIO PARTICULAR MIXTO SAN JOSE,CIUDAD PEDRO DE ALVARADO,RURAL,PRIVADO,SIN_TOKENS
22-14-0085-45,JUTIAPA,MOYUTA,COLEGIO PARTICULAR MIXTO SAN JOSE,CIUDAD PEDRO DE ALVARADO,RURAL,PRIVADO,SIN_TOKENS
22-14-0466-45,JUTIAPA,MOYUTA,IEBC DE ENSEÑANZA,CIUDAD PEDRO DE ALVARADO,RURAL,COOPERATIVA,SIN_TOKENS
22-14-1934-45,JUTIAPA,MOYUTA,COLEGIO PARTICULAR MIXTO SAN JOSE,CIUDAD PEDRO DE ALVARADO,RURAL,PRIVADO,SIN_TOKENS
22-16-0019-45,JUTIAPA,SAN JOSE ACATEMPA,INSTITUTO MUNICIPAL DE EDUCACIÓN BÁSICA,LA CARRETERA,RURAL,MUNICIPAL,SIN_TOKENS
22-16-0539-45,JUTIAPA,SAN JOSE ACATEMPA,IEBC .,.,URBANA,COOPERATIVA,LONGITUD_INSUFICIENTE
22-01-0412-46,JUTIAPA,JUTIAPA,ESCUELA EN CIENCIAS DE LA COMUNICACIÓN -ECCO-,KM. 116-5 CARRETERA INTERAMERICANA,URBANA,PRIVADO,URBANA_KM_SIN_CONTEXTO
22-01-0620-46,JUTIAPA,JUTIAPA,INSTITUTO TECNICO INDUSTRIAL DE ORIENTE,"KILOMETRO 115.5 CARRETERA INTERAMERICANA, ALDEA CERRO GORDO",URBANA,PRIVADO,URBANA_KM_SIN_CONTEXTO
22-01-0664-46,JUTIAPA,JUTIAPA,ESCUELA EN CIENCIAS DE LA COMUNICACION ECCO,KM. 116.5,URBANA,PRIVADO,LONGITUD_INSUFICIENTE
22-01-0666-46,JUTIAPA,JUTIAPA,ESCUELA EN CIENCIAS DE LA COMUNICACION ECCO,KM. 116.5,URBANA,PRIVADO,LONGITUD_INSUFICIENTE
22-01-0734-46,JUTIAPA,JUTIAPA,ESCUELA EN CIENCIAS DE LA COMUNICACION ECCO,KM. 116.5,URBANA,PRIVADO,LONGITUD_INSUFICIENTE
22-04-2085-46,JUTIAPA,AGUA BLANCA,INSTITUTO DIVERSIFICADO POR COOPERATIVA,AGUA BLANCA,URBANA,COOPERATIVA,SIN_TOKENS
22-04-2086-46,JUTIAPA,AGUA BLANCA,COLEGIO PARTICULAR MIXTO AGUABLANQUENSE,AGUA BLANCA,URBANA,PRIVADO,SIN_TOKENS
22-05-0065-46,JUTIAPA,ASUNCION MITA,ESCUELA TÉNICA VOCACIONAL,KM. 147 147.50 CARRETERA INTERAMERICANA,URBANA,PRIVADO,URBANA_KM_SIN_CONTEXTO
22-07-0002-46,JUTIAPA,ATESCATEMPA,"COLEGIO PARTICULAR MIXTO DE DIVERSIFICADO ""LICEO SAN CRISTOBAL""",SAN CRISTOBAL FRONTERA,RURAL,PRIVADO,SIN_TOKENS
22-07-0330-46,JUTIAPA,ATESCATEMPA,INSTITUTO PARTICULAR MIXTO DE CIENCIAS COMERCIALES,NAN,URBANA,PRIVADO,LONGITUD_INSUFICIENTE
22-11-0078-46,JUTIAPA,COMAPA,INSTITUTO PARTICULAR MIXTO DE FORMACIÓN Y DESARROLLO PROFESIONAL INDEFORP,ENTRADA AL MUNICIPIO DE COMAPA,URBANA,PRIVADO,SIN_TOKENS
22-11-0079-46,JUTIAPA,COMAPA,INSTITUTO PARTICULAR MIXTO DE FORMACION Y DESARROLLO PROFESIONAL INDEFORP,ENTRADA AL MUNICIPIO DE COMAPA,URBANA,PRIVADO,SIN_TOKENS
22-11-2127-46,JUTIAPA,COMAPA,INSTITUTO DE MAGISTERIO POR COOPERATIVA,COMAPA,URBANA,COOPERATIVA,LONGITUD_INSUFICIENTE
22-13-0002-46,JUTIAPA,CONGUACO,"INSTITUTO MIXTO DE EDUCACION ""CONGUAQUENSE""",CASERIO BRIOTIS,URBANA,PRIVADO,URBANA_SIN_EVIDENCIA
22-13-0035-46,JUTIAPA,CONGUACO,INSTITUTO MIXTO DE EDUCACION CONGUAQUENSE,.,RURAL,PRIVADO,LONGITUD_INSUFICIENTE
22-13-0045-46,JUTIAPA,CONGUACO,INSTITUTO MIXTO DE EDUCACIÓN CONGUAQUENSE,CASERIO BRIOTIS,URBANA,PRIVADO,URBANA_SIN_EVIDENCIA
22-13-2273-46,JUTIAPA,CONGUACO,INSTITUTO MIXTO DE EDUCACION CONGUAQUENSE,CASERIO BRIOTIS,URBANA,PRIVADO,URBANA_SIN_EVIDENCIA
22-14-0084-46,JUTIAPA,MOYUTA,COLEGIO PARTICULAR MIXTO SAN JOSE,CIUDAD PEDRO DE ALVARADO,RURAL,PRIVADO,SIN_TOKENS
22-14-0086-46,JUTIAPA,MOYUTA,COLEGIO PARTICULAR MIXTO SAN JOSE,CIUDAD PEDRO DE ALVARADO,RURAL,PRIVADO,SIN_TOKENS
22-15-2185-46,JUTIAPA,PASACO,COLEGIO PARTICULAR MIXTO LA BENDICION,CUADRA ARRIBA DEL PARQUE CENTRAL,URBANA,PRIVADO,SIN_TOKENS
17-01-0037-45,PETEN,FLORES,INEBE ADSCRITO ESCUELA NORMAL RURAL NO. 5 JULIO E. ROSADO PINELO,SANTA ELENA,RURAL,OFICIAL,SIN_TOKENS
17-01-0059-45,PETEN,FLORES,INEB,"5TA.AV.5-50-ZONA 2 SANTA ELENA,",RURAL,OFICIAL,RURAL_CON_ZONA_NUM
17-01-0157-45,PETEN,FLORES,CEEX,FLORES,RURAL,OFICIAL,LONGITUD_INSUFICIENTE
17-01-0168-45,PETEN,FLORES,INSTITUTO DE EDUCACION Y BACHILLERATO CAMINO A LA LIBERTAD,CENTRO DE DETENCION DEPARTAMENTAL,RURAL,OFICIAL,SIN_TOKENS
17-03-0020-45,PETEN,SAN BENITO,INSTITUTO MUNICIPAL DE EDUCACION BASICA,BARRIO LA CARIDAD,RURAL,MUNICIPAL,RURAL_SOLO_TOKENS_URBANOS
17-03-0083-45,PETEN,SAN BENITO,INEB,COLONIA ITZA,RURAL,OFICIAL,RURAL_SOLO_TOKENS_URBANOS
17-03-0090-45,PETEN,SAN BENITO,CENTRO EDUCATIVO PRIVADO MIXTO DE EDUCACIÓN MEDIA _CEPMEM,BARRIO BELLOS HORIZONTES,RURAL,PRIVADO,RURAL_SOLO_TOKENS_URBANOS
17-03-0114-45,PETEN,SAN BENITO,CENTRO EDUCATIVO CRISTIANO ADONAI,BARRIO SAN JUAN,RURAL,PRIVADO,RURAL_SOLO_TOKENS_URBANOS
17-03-0133-45,PETEN,SAN BENITO,PROYECTO EDUCATIVO TOCA,BARRIO CARIDAD,RURAL,PRIVADO,RURAL_SOLO_TOKENS_URBANOS
17-03-0136-45,PETEN,SAN BENITO,CENTRO EDUCACIONAL DE CIENCIAS CONTABLES-CECON-,BARRIO LA ERMITA,RURAL,PRIVADO,RURAL_SOLO_TOKENS_URBANOS
17-03-0140-45,PETEN,SAN BENITO,CENTRO EDUCATIVO POR MADUREZ PROFA.MILDRED GUADALUPE AGUILAR MELENDEZ,BSARRIO 3 DE ABRIL,URBANA,PRIVADO,SIN_TOKENS
17-04-0080-45,PETEN,SAN ANDRES,IEBC PROFESOR ENRIQUE ROLANDO CANEK CETINA,CARRERTERA CARMELITA SAN ANDRES,RURAL,COOPERATIVA,SIN_TOKENS
17-04-0115-45,PETEN,SAN ANDRES,LICEO SACPUY- LISAC-,BARRIO EL CENTRO SACPUY,RURAL,PRIVADO,RURAL_SOLO_TOKENS_URBANOS
17-04-0123-45,PETEN,SAN ANDRES,INSITUTO NACIONAL DE TELESECUNDARIA,SAN LUIS FRONTERA,RURAL,OFICIAL,SIN_TOKENS
17-04-0125-45,PETEN,SAN ANDRES,COLEGIO TECNOLÓGICO NUEVA GENERACION,CALLE PRINCIPAL BARRIO EL COROZAL SACPUY,RURAL,PRIVADO,RURAL_SOLO_TOKENS_URBANOS
17-05-0165-45,PETEN,LA LIBERTAD,INEB TELESECUNDARIA,ASENTAMIENTO EL CEIBO,RURAL,OFICIAL,SIN_TOKENS
17-05-0341-45,PETEN,LA LIBERTAD,CENTRO EDUCATIVO GUADALUPANO,BERRIO EL CENTRO,URBANA,PRIVADO,SIN_TOKENS
17-05-1310-45,PETEN,LA LIBERTAD,"COLEGIO SANTA CRUZ, PLAN DIARIO",BARRIO SANTA CRUZ,RURAL,PRIVADO,RURAL_SOLO_TOKENS_URBANOS
17-05-3573-45,PETEN,LA LIBERTAD,INEB,NUEVA LOTIFICACION,URBANA,OFICIAL,SIN_TOKENS
17-05-3888-45,PETEN,LA LIBERTAD,"INEB ""LAS PUERTAS DEL FUTURO""",COOPERATIVA NUEVO AMANECER,RURAL,OFICIAL,SIN_TOKENS
17-06-0002-45,PETEN,SAN FRANCISCO,NUCLEO FAMILIAR EDUCATIVO PARA EL DESARROLLO NUFED,ASENTAMIENTO NUEVA CONCEPCION,RURAL,OFICIAL,SIN_TOKENS
17-06-3966-45,PETEN,SAN FRANCISCO,INEB,"COOPERATIVA NUEVA GUATEMALA, TECUN UMAN, SAN FRANCISCO, PETEN",RURAL,OFICIAL,SIN_TOKENS
17-07-4062-45,PETEN,SANTA ANA,NUCLEO FAMILIAR EDUCATIVO PARA EL DESARROLLO NUFED NO. 517,COOPERATIVA NUEVO HORIZONTE,RURAL,OFICIAL,SIN_TOKENS
17-08-3851-45,PETEN,DOLORES,INSTITUTO MIXTO DE EDUCACION BASICA POR COOPERATIVA DE ENSEÑANZA,ASENTAMIENTO VALLE DE LA ESMERALDA,RURAL,COOPERATIVA,SIN_TOKENS
17-09-0275-45,PETEN,SAN LUIS,IEBC DE ENSEÑANZA,CHINCHILA,URBANA,COOPERATIVA,LONGITUD_INSUFICIENTE
17-09-3904-45,PETEN,SAN LUIS,INSTITUTO BASICO MUNICIPAL,ALDEA EL ZAPOTE,URBANA,MUNICIPAL,URBANA_SIN_EVIDENCIA
17-10-0020-45,PETEN,SAYAXCHE,NUCLEO FAMILIAR EDUCATIVO PARA EL DESARROLLO NUFED,BARRIO LA PISTA BARRIO LA PISTA,RURAL,OFICIAL,RURAL_SOLO_TOKENS_URBANOS
17-10-0244-45,PETEN,SAYAXCHE,INSTITUTO NACIONAL DE EDUCACION BASICA-INEB,COOPERATIVA MARIO MENDEZ MONTENEGRO,RURAL,OFICIAL,SIN_TOKENS
17-10-0263-45,PETEN,SAYAXCHE,INSTITUTO NACIONAL DE TELESECUNDARIA,COOPERATIVA MANOS UNIDAS,RURAL,OFICIAL,SIN_TOKENS
17-10-0366-45,PETEN,SAYAXCHE,COLEGIO PRIVADO MIXTO JACOBO ARVENZ GUZMAN,ALDE LAS POZAS,RURAL,PRIVADO,SIN_TOKENS
17-10-3867-45,PETEN,SAYAXCHE,INSTITUTO MIXTO DE EDUCACION BASICA POR COOPERATIVA,"COOPERATIVA DE SERVICIOS VARIOS ""UNION SAN JUAN"" ENTRE RIOS",RURAL,COOPERATIVA,SIN_TOKENS
17-11-0075-45,PETEN,MELCHOR DE MENCOS,CENTRO EDUCATIVO CIENCIA Y TECNOLOGIA,BARIO EL CENTRO,URBANA,PRIVADO,SIN_TOKENS
17-11-0088-45,PETEN,MELCHOR DE MENCOS,"CENTRO EDUCATIVO BILINGUE ""VALPARAISO DE JESUS""",BARRIIO FALLABON,URBANA,PRIVADO,SIN_TOKENS
17-12-0135-45,PETEN,POPTUN,INSTITUTO MUNICIPAL DE EDUCACIÓN BASICA,BARRIO LAS PLANTAS,RURAL,MUNICIPAL,RURAL_SOLO_TOKENS_URBANOS
17-12-0399-45,PETEN,POPTUN,INSTITUTO DE CAPACITACION ADVENTISTA DEL PETEN,LAS LAJAS,RURAL,PRIVADO,LONGITUD_INSUFICIENTE
17-12-3988-45,PETEN,POPTUN,CENTRO EDUCATIVO EL BOSQUE,7A. AV. BARRIO EL BOSQUE ZONA 2,RURAL,PRIVADO,RURAL_CON_ZONA_NUM
17-13-0067-45,PETEN,LAS CRUCES,INSTITUTO DE EDUCACIÓN BASICA POR COOPERATIVA,COOPERATIVA UNIÓN MAYA ITZÁ,RURAL,COOPERATIVA,SIN_TOKENS
17-13-0097-45,PETEN,LAS CRUCES,INEB,BARRIO EL HOSPITAL ZONA 4,RURAL,OFICIAL,RURAL_CON_ZONA_NUM
17-13-0102-45,PETEN,LAS CRUCES,COLEGIO ADVENTISTA GETSEMANI,"ZONA 1, LAS CRUCES, PETEN.",RURAL,PRIVADO,RURAL_CON_ZONA_NUM
17-13-0123-45,PETEN,LAS CRUCES,IEBC INSTITUTO DE EDUCACION BASICA POR EL SISTEMA DE COOPERATIVA,CABECERA MUNICIPAL,RURAL,COOPERATIVA,RURAL_SOLO_TOKENS_URBANOS
17-13-0144-45,PETEN,LAS CRUCES,COLEGIO PRIVADO MIXTO EL LIBANO,ZONA 1,RURAL,PRIVADO,RURAL_CON_ZONA_NUM
17-13-0149-45,PETEN,LAS CRUCES,COLEGIO PRIVADO CIENCIAS COMERCIALES LAS CRUCES,12 AV. Y 2DA. CALLE ZONA 1,RURAL,PRIVADO,RURAL_CON_ZONA_NUM
17-14-0074-45,PETEN,EL CHAL,NUCLEO FAMILIAR EDUCATIVO PARA EL DESARROLLO -NUFED- NO. 211,COOPERATIVA LAS FLORES,RURAL,OFICIAL,SIN_TOKENS
17-14-0079-45,PETEN,EL CHAL,COLEGIO EDUCATIVO DIVERSIFICADO LAS FLORES -CEDIF-,COOPERATIVA LAS FLORES,RURAL,PRIVADO,SIN_TOKENS
17-14-0081-45,PETEN,EL CHAL,"CENTRO EDUCATIVO TÉCNICO PORTILLO ""CETPORT""",EL CHAL PETÉN,URBANA,PRIVADO,SIN_TOKENS
17-14-0087-45,PETEN,EL CHAL,LICEO EDUCATIVO SALEM,AREA CENTRAL,URBANA,PRIVADO,SIN_TOKENS
17-14-0101-45,PETEN,EL CHAL,CENTRO EDUCATIVO TECNICO PORTILLO-CETPORT-,EL CHAL,URBANA,PRIVADO,LONGITUD_INSUFICIENTE
17-01-0153-46,PETEN,FLORES,PROGRAMA NACIONAL DE EDUCACION ALTERNATIVA-PRONEA-,SANTA ELENA,RURAL,OFICIAL,SIN_TOKENS
17-01-0155-46,PETEN,FLORES,COLEGIO CRISTIANO EL HASHAMAYIM,SANTA ELENA DE LA CRUZ,URBANA,PRIVADO,SIN_TOKENS
17-01-0156-46,PETEN,FLORES,CENTRO DE EDUCACION EXTRAESCOLAR-CEEX-DEPARTAMENTAL,5TA.CALLE Y 3RA AV.ZONA 2 SANTA ELENA,RURAL,OFICIAL,RURAL_CON_ZONA_NUM
17-01-0167-46,PETEN,FLORES,"INSTITUTO DE EDUCACIO9N BASICA Y BACHILLERATO POR MADURREZ, CAMINO A LA LIBERTAD",CENTRO DE DETENCION DEPARTAMENTAL,RURAL,OFICIAL,SIN_TOKENS
17-01-3447-46,PETEN,FLORES,ESCUELA NORMAL DE EDUCACION FISICA,COMPLEJO DEPORTIVO MAYA,URBANA,OFICIAL,SIN_TOKENS
17-01-3993-46,PETEN,FLORES,CENTRO EDUCATIVO PETEN-CEP-,SANTA ELENA DE LA CRUZ,URBANA,PRIVADO,SIN_TOKENS
17-03-0025-46,PETEN,SAN BENITO,INSTITUTO NACIONAL DE EDUCACION DIVERSIFICADA,COLONIA ITZA,RURAL,OFICIAL,RURAL_SOLO_TOKENS_URBANOS
17-03-0088-46,PETEN,SAN BENITO,CENTRO EDUCATIVO PRIVADO MIXTO DE EDUCACION BÁSICA Y DIVERSIFICADO-CEPMEBYD,"COLONIA HERMOSA, SAN BENITO, PETÉN",RURAL,PRIVADO,RURAL_SOLO_TOKENS_URBANOS
17-03-0104-46,PETEN,SAN BENITO,CENTRO EDUCATIVO CRISTIANO ADONAI,BARRIIO SAN JUAN,URBANA,PRIVADO,SIN_TOKENS
17-03-0111-46,PETEN,SAN BENITO,INSTITUTO MIXTO PRIVADO EDUCATIVO DE BACHILLERATO IMPEB,"BARRIO VISTA HERMOSA SAN BENITO, PETÉN",RURAL,PRIVADO,RURAL_SOLO_TOKENS_URBANOS
17-03-0113-46,PETEN,SAN BENITO,CENTRO EDUCATIVO CRISTIANO ADONAI,BARRIO SAN JUAN,RURAL,PRIVADO,RURAL_SOLO_TOKENS_URBANOS
17-03-0124-46,PETEN,SAN BENITO,INSTITUTO NACIONAL DE EDUCACION DIVERSIFICADA,"BARRIO VALLE NUEVO, SAN BENITO, PETÉN",RURAL,OFICIAL,RURAL_SOLO_TOKENS_URBANOS
17-03-0130-46,PETEN,SAN BENITO,INSTITUTO MIXTO PRIVADO EDUCATIVO DE BACHILLERATO IMPEB,"BARRIO VISTA HERMOSA SAN BENITO, PETÉN",RURAL,PRIVADO,RURAL_SOLO_TOKENS_URBANOS
17-03-0134-46,PETEN,SAN BENITO,CENTRO EDUCATIVO PRIVADO MIXTO DE EDUCACIÓN BÁSICA Y DIVERSIFICADO-CEPMEBYD-,BARRIIO VISTA HERMOSA,URBANA,PRIVADO,SIN_TOKENS
17-03-0135-46,PETEN,SAN BENITO,CENTRO EDUCACIONAL DE CIENCIAS CONTABLES-CECON,BARRIO LA ERMITA,RURAL,PRIVADO,RURAL_SOLO_TOKENS_URBANOS
17-03-0139-46,PETEN,SAN BENITO,CENTRO EDUCATIVO POR MADUREZ PROFA. MILDRED GUADALUPE AGUILAR MELÉNDEZ,BARRIIO 3 DE ABRIL,URBANA,PRIVADO,SIN_TOKENS
17-03-0143-46,PETEN,SAN BENITO,CENTRO EDUCATIVO CRISTIANO ADONAI,BARRIO SAN JUAN,RURAL,PRIVADO,RURAL_SOLO_TOKENS_URBANOS
17-04-0103-46,PETEN,SAN ANDRES,"COLEGIO ""LIDERES DEL MAÑANA""",BARRIO COROZAL SACPUY,RURAL,PRIVADO,RURAL_SOLO_TOKENS_URBANOS
17-05-0168-46,PETEN,LA LIBERTAD,INSTITUTO NACIONAL DE EDUCACION DIVERSIFICADA,NUEVA LOTIFICACION,RURAL,OFICIAL,SIN_TOKENS
17-05-0261-46,PETEN,LA LIBERTAD,INSTITUTO MIXTO DE EDUCACION BILINGUE INTERCUL,BARRIO SANTA CRUZ,RURAL,PRIVADO,RURAL_SOLO_TOKENS_URBANOS
17-05-0301-46,PETEN,LA LIBERTAD,"COLEGIO MIXTO DE EDUCACIÓN MEDIA -CMEM- ""EL INNOVADOR""",GUATELINDA SAN DIEGO,RURAL,PRIVADO,SIN_TOKENS
17-05-0337-46,PETEN,LA LIBERTAD,ESCUELA NORMAL CON ORIENTACION AMBIENTAL-ENCA-,BARRIIO EL CENTRO,URBANA,PRIVADO,SIN_TOKENS
17-05-4008-46,PETEN,LA LIBERTAD,INSTITUTO TECNOLOGICO EN RECURSOS NATURALES SAKLUM,"CABECERA MUNICIPAL, LA LIBERTAD, PETEN",RURAL,PRIVADO,RURAL_SOLO_TOKENS_URBANOS
17-07-0048-46,PETEN,SANTA ANA,COLEGIO CRISTIANO ARBOL DE VIDA,ALDE LOS ANGELES,RURAL,PRIVADO,SIN_TOKENS
17-08-0124-46,PETEN,DOLORES,INED,BARIO NUEVO DEL CARMEN,RURAL,OFICIAL,SIN_TOKENS
17-10-0256-46,PETEN,SAYAXCHE,INSTITUTO NACIONAL DE EDUCACIÓN DIVERSIFICADA -INED-,COOPERATIVA UNION SAN JUAN ENTRE RIOS,RURAL,OFICIAL,SIN_TOKENS
17-10-3492-46,PETEN,SAYAXCHE,"ESCUELA NORMAL BILINGÜE INTERCULTURAL/ TZOLEB´ AAL TIJONEL Q´EQCHI´ ""DR. DEMETRIO COJTÍ CUXIL""",BARRIO LA DEMOCRACIA,RURAL,OFICIAL,RURAL_SOLO_TOKENS_URBANOS
17-11-0039-46,PETEN,MELCHOR DE MENCOS,INSTITUTO NACIONAL DE EDUCACION DIVERSIFICADA,BARRIO SANTA ELENA,RURAL,OFICIAL,RURAL_SOLO_TOKENS_URBANOS
17-11-0040-46,PETEN,MELCHOR DE MENCOS,INSTITUTO NACIONAL DE EDUCACION DIVERSIFICADA,ALDEA EL CRUZADERO,URBANA,OFICIAL,URBANA_SIN_EVIDENCIA
17-12-0084-46,PETEN,POPTUN,INSTITUTO NACIONAL DE EDUCACION DIVERSIFICADA,BARRIO IXOBEL,RURAL,OFICIAL,RURAL_SOLO_TOKENS_URBANOS
17-12-0113-46,PETEN,POPTUN,INSTITUTO DE CIENCIAS AGROFORESTALES Y VIDA SILVESTRE (ICAVIS),"UBICADO EN EL MUNICIPIO DE POPTUN, PETEN",URBANA,PRIVADO,SIN_TOKENS
17-12-0178-46,PETEN,POPTUN,"""LICEO CIENCIA Y DESARROLLO"" CON ORIENTACIÓN TÉCNICA Y CIENTÍFICA",POPTUN,URBANA,PRIVADO,LONGITUD_INSUFICIENTE
17-12-0398-46,PETEN,POPTUN,INSTITUTO DE CAPACITACION ADVENTISTA DEL PETEN,POPTUN,RURAL,PRIVADO,LONGITUD_INSUFICIENTE
17-12-2962-46,PETEN,POPTUN,"""LICEO CIENCIA Y DESARROLLO""CON ORIENTACIÓN TÉCNICA Y CIENTÍFICA",POPTUN,URBANA,PRIVADO,LONGITUD_INSUFICIENTE
17-13-0105-46,PETEN,LAS CRUCES,COLEGIO ADVENTISTA GETSEMANI,ZONA 1,RURAL,PRIVADO,RURAL_CON_ZONA_NUM
17-13-0107-46,PETEN,LAS CRUCES,INSTITUTO MUNICIPAL DE EDUCACION MEDIA,ZONA 1,RURAL,MUNICIPAL,RURAL_CON_ZONA_NUM
17-13-0125-46,PETEN,LAS CRUCES,INSTITUTO NACIONAL DE EDUCACIÓN DIVERSIFICADA,COOPERATIVA UNION MAYA ITZA,RURAL,OFICIAL,SIN_TOKENS
17-13-0148-46,PETEN,LAS CRUCES,COLEGIO DE CIENCIAS COMERCIALES LAS CRUCES,"12 AV. 2DA, CALLE ZONA 1",RURAL,PRIVADO,RURAL_CON_ZONA_NUM
17-14-0080-46,PETEN,EL CHAL,COLEGIO EDUCATIVO DIVERSIFICADO LAS FLORES -CEDIF-,COOPERATIVA LAS FLORES,RURAL,PRIVADO,SIN_TOKENS
17-14-0084-46,PETEN,EL CHAL,"CENTRO EDUCATIVO TÉCNICO PORTILLO ""CETPORT""",EL CHAL,URBANA,PRIVADO,LONGITUD_INSUFICIENTE
17-14-0086-46,PETEN,EL CHAL,LICEO EDUCATIVO SALEM,AREA CENTRAL-EL CHAL,URBANA,PRIVADO,SIN_TOKENS
17-14-0100-46,PETEN,EL CHAL,CENTRO EDUCATIVO TECNICO PORTILLO- CETPORT-,EL CHAL,URBANA,PRIVADO,LONGITUD_INSUFICIENTE
17-14-0102-46,PETEN,EL CHAL,COLEGIO EDUCATIVO DIVERSIFICADO LAS FLORES -CEDIF-,COOPERATIVA LAS FLOREZ,RURAL,PRIVADO,SIN_TOKENS
02-01-0049-46,EL PROGRESO,GUASTATOYA,CENTRO MUNICIPAL DE EDUCACIÓN EXTRAESCOLAR -CEEX-,COLONIA LINDA VISTA,RURAL,MUNICIPAL,RURAL_SOLO_TOKENS_URBANOS
02-01-0069-46,EL PROGRESO,GUASTATOYA,COLEGIO MIXTO INTEGRAL EL PROGRESO,COLONI A HICHOS,URBANA,PRIVADO,SIN_TOKENS
02-03-0002-46,EL PROGRESO,SAN AGUSTIN ACASAGUASTLAN,"COLEGIO ""CENTRO DE FORMACION PROFESIONAL PRE-UNIVERSITARIA DEL CICLO DIVERSIFICADO""",BARRIO EL CENTRO,RURAL,PRIVADO,RURAL_SOLO_TOKENS_URBANOS
02-03-0003-46,EL PROGRESO,SAN AGUSTIN ACASAGUASTLAN,"COLEGIO ""CENTRO DE FORMACION PROFESIONAL PREUNIVERSITARIA DEL CICLO DIVERSIFICADO""",BARRIO EL CENTRO,RURAL,PRIVADO,RURAL_SOLO_TOKENS_URBANOS
02-03-0004-46,EL PROGRESO,SAN AGUSTIN ACASAGUASTLAN,"COLEGIO ""CENTRO DE FORMACION PROFESIONAL PRE-UNIVERSITARIA DEL CICLO DIVERSIFICADO""",BARRIO EL CENTRO,RURAL,PRIVADO,RURAL_SOLO_TOKENS_URBANOS
02-05-0019-46,EL PROGRESO,EL JICARO,INSTITUTO DE EDUCACIÓN BÁSICA Y BACHILLERATO POR MADUREZ,JICARO,URBANA,PRIVADO,LONGITUD_INSUFICIENTE
02-06-0024-46,EL PROGRESO,SANSARE,INSTITUTO MUNICIPAL DE EDUCACIÓN BÁSICA Y BACHILLERATO POR MADUREZ,SALIDA ALDEA BUENA VISTA,URBANA,MUNICIPAL,URBANA_SIN_EVIDENCIA
02-06-0154-46,EL PROGRESO,SANSARE,CENTRO EDUCATIVO LICEO SANSARE,SANSARE,URBANA,PRIVADO,LONGITUD_INSUFICIENTE
02-06-0716-46,EL PROGRESO,SANSARE,INSTITUTO DIVERSIFICADO POR COOPERATIVA SANSARE,SALIDA A BUENA VISTA,URBANA,COOPERATIVA,SIN_TOKENS
02-07-0053-46,EL PROGRESO,SANARATE,INSTITUTO NACIONAL DE EDUCACION DIVERSIFICADA SANTA LUCÍA LOS OCOTES,SANTA LUCÍA LOS OCOTES,RURAL,OFICIAL,SIN_TOKENS
09-01-0201-45,QUETZALTENANGO,QUETZALTENANGO,INEB DE TELESECUNDARIA,6 AVENIDA 27-60 ZONA 5,RURAL,OFICIAL,RURAL_CON_ZONA_NUM
09-01-0202-45,QUETZALTENANGO,QUETZALTENANGO,INEB DE TELESECUNDARIA,14 CALLE D11B-91 ZONA 1,RURAL,OFICIAL,RURAL_CON_ZONA_NUM
09-01-0212-45,QUETZALTENANGO,QUETZALTENANGO,INEB,DIAGONAL 2 BARRIO GARIBALDI ZONA 3,RURAL,OFICIAL,RURAL_CON_ZONA_NUM
09-01-0300-45,QUETZALTENANGO,QUETZALTENANGO,INSTITUTO MIXTO DE EDUCACION BASICA POR COOPERATIVA DE ENSEÑANZA TIERRA COLORADA,TIERRA COLORADA BAJA,RURAL,COOPERATIVA,SIN_TOKENS
09-01-3345-45,QUETZALTENANGO,QUETZALTENANGO,"COLEGIO PRIVADO URBANO MIXTO ""EL VALLE DE OCCIDENTE""","LLANO DE OLINTEPEQUE, CARRETERA ANTIGUA HACIA LA ESPERANZA",URBANA,PRIVADO,SIN_TOKENS
09-02-0029-45,QUETZALTENANGO,SALCAJA,COLEGIO HAPPY KIDS HOME,"0 AVENIDA Y 4TA. CALLE ZONA 3, BARRIO EL CARMEN",RURAL,PRIVADO,RURAL_CON_ZONA_NUM
09-04-0018-45,QUETZALTENANGO,SAN CARLOS SIJA,INEB,4TA. AVENIDA 1-89 ZONA 1,RURAL,OFICIAL,RURAL_CON_ZONA_NUM
09-04-2747-45,QUETZALTENANGO,SAN CARLOS SIJA,IPMB CATOLICO PARROQUIAL,CASA PARROQUIAL,URBANA,PRIVADO,SIN_TOKENS
09-05-0011-45,QUETZALTENANGO,SIBILIA,INEB,CENTRO DE SIBILIA,RURAL,OFICIAL,SIN_TOKENS
09-05-0013-45,QUETZALTENANGO,SIBILIA,INSTITUTO PRIVADO MIXTO SIBILIA,SIBILIA,URBANA,PRIVADO,LONGITUD_INSUFICIENTE
09-05-0253-45,QUETZALTENANGO,SIBILIA,IEBC DE ENSEÑANZA,ENTRADA PRINCIPAL DEL CAMPO DE FUTBOL CHALCHUAPA,URBANA,COOPERATIVA,SIN_TOKENS
09-07-0005-45,QUETZALTENANGO,CAJOLA,INEB,CENTRO CAJOLA,URBANA,OFICIAL,SIN_TOKENS
09-07-3573-45,QUETZALTENANGO,CAJOLA,IEBC SANTA CRUZ,CAJOLÁ,URBANA,COOPERATIVA,LONGITUD_INSUFICIENTE
09-07-4062-45,QUETZALTENANGO,CAJOLA,NUCLEO FAMILIAR EDUCATIVO PARA EL DESARROLLO NUFED,CONTÓN XECOL,RURAL,OFICIAL,SIN_TOKENS
09-08-3017-45,QUETZALTENANGO,SAN MIGUEL SIGUILA,INEB DE TELESECUNDARIA,CENTRO SAN MIGUEL SIGUILA,URBANA,OFICIAL,SIN_TOKENS
09-10-0005-45,QUETZALTENANGO,SAN MATEO,INEB,PARAJE LOS CAYAX,URBANA,OFICIAL,URBANA_SIN_EVIDENCIA
09-10-4048-45,QUETZALTENANGO,SAN MATEO,NUCLEO FAMILIAR EDUCATIVO PARA EL DESARROLLO (NUFED),COMUNIDAD DE SAN MATEO CENTRO,URBANA,OFICIAL,URBANA_SIN_EVIDENCIA
09-12-0055-45,QUETZALTENANGO,SAN MARTIN SACATEPEQUEZ,COLEGIO PRE-UNIVERSITARIO AMERICA MODERNA,CASERIO VISTA HERMOSA,URBANA,PRIVADO,URBANA_SIN_EVIDENCIA
09-12-0062-45,QUETZALTENANGO,SAN MARTIN SACATEPEQUEZ,INEB,CENTRO DE SAN MARTÍN SACATEPEQUEZ,URBANA,OFICIAL,SIN_TOKENS
09-12-0065-45,QUETZALTENANGO,SAN MARTIN SACATEPEQUEZ,COLEGIO PRE-UNIVERSITARIO AMÉRICA MODERNA,CASERIO VISTA HERMOSA,URBANA,PRIVADO,URBANA_SIN_EVIDENCIA
09-12-0080-45,QUETZALTENANGO,SAN MARTIN SACATEPEQUEZ,COLEGIO PRE-UNIVERSITARIO AMÉRICA MODERNA,CASERIO VISTA HERMOSA,URBANA,PRIVADO,URBANA_SIN_EVIDENCIA
09-12-0816-45,QUETZALTENANGO,SAN MARTIN SACATEPEQUEZ,IEBC,CENTRO DE SAN MARTÍN,URBANA,COOPERATIVA,SIN_TOKENS
09-13-3917-45,QUETZALTENANGO,ALMOLONGA,COLEGIO CRISTIANO 'VISION DE FUTURO',CUMBRE DEL MUNICIPIO DE ALMOLONGA,RURAL,PRIVADO,SIN_TOKENS
09-15-0021-45,QUETZALTENANGO,HUITAN,INEB,HUITAN,URBANA,OFICIAL,LONGITUD_INSUFICIENTE
09-15-0425-45,QUETZALTENANGO,HUITAN,IEBC DE ENSEÑANZA,HUITAN,URBANA,COOPERATIVA,LONGITUD_INSUFICIENTE
09-15-3554-45,QUETZALTENANGO,HUITAN,CENTRO EDUCATIVO PRIVADO MIXTO 'PEDRO METTENLEITER',HUITÁN,URBANA,PRIVADO,LONGITUD_INSUFICIENTE
09-16-0437-45,QUETZALTENANGO,ZUNIL,IPMB 'LICENCIADO RENE DE LEON ESCRIBANO',SANTA MARIA DE JESUS,URBANA,PRIVADO,SIN_TOKENS
09-16-4154-45,QUETZALTENANGO,ZUNIL,NUCLEO FAMILIAR EDUCATIVO PARA EL DESARROLLO NUFED,CENTRO ZUNIL,URBANA,OFICIAL,SIN_TOKENS
09-17-1374-45,QUETZALTENANGO,COLOMBA COSTA CUCA,IEBC DE ENSEÑANZA,COMUNIDAD AGRARIA SANTO DOMINGO,URBANA,COOPERATIVA,URBANA_SIN_EVIDENCIA
09-17-4162-45,QUETZALTENANGO,COLOMBA COSTA CUCA,NUCLEO FAMILIAR EDUCATIVO PARA EL DESARROLLO NUFED,"4TA. CALLE 5-25 ZONA 4, COLONIA SAN ANTONIO",RURAL,OFICIAL,RURAL_CON_ZONA_NUM
09-18-0532-45,QUETZALTENANGO,SAN FRANCISCO LA UNION,IEBC DE ENSEÑANZA,SAN FRANCISCO LA UNION,URBANA,COOPERATIVA,SIN_TOKENS
09-18-3357-45,QUETZALTENANGO,SAN FRANCISCO LA UNION,COLEGIO MIXTO 'LIBERTAD',CANTON CENTRO,URBANA,PRIVADO,URBANA_SIN_EVIDENCIA
09-19-0566-45,QUETZALTENANGO,EL PALMAR,IEBC DE ENSEÑANZA,EL PALMAR,URBANA,COOPERATIVA,LONGITUD_INSUFICIENTE
09-19-1113-45,QUETZALTENANGO,EL PALMAR,"COLEGIO PRIVADO URBANO MIXTO ""SANTIAGO APOSTOL""","EL PALMAR, QUETZALTENANGO",URBANA,PRIVADO,SIN_TOKENS
09-19-2752-45,QUETZALTENANGO,EL PALMAR,IEBC,LOTIFICACION SAN MARCOS,RURAL,COOPERATIVA,SIN_TOKENS
09-20-0017-45,QUETZALTENANGO,COATEPEQUE,INEB,EOUN RAFAEL ALVAREZ OVALLE,URBANA,OFICIAL,SIN_TOKENS
09-20-0024-45,QUETZALTENANGO,COATEPEQUE,INEB DE TELESECUNDARIA,7A AVENIDA 6-15 ZONA 2 BARRIO EL JARDÍN,RURAL,OFICIAL,RURAL_CON_ZONA_NUM
09-20-0025-45,QUETZALTENANGO,COATEPEQUE,INEB DE TELESECUNDARIA,LOTIFICACION SAN ISIDRO,RURAL,OFICIAL,SIN_TOKENS
09-20-0041-45,QUETZALTENANGO,COATEPEQUE,INSTITUTO DE EDUCACION BASICA POR COOPERATIVA DE ENSEÑANZA LA UNION,LA UNION ZONA 5,RURAL,COOPERATIVA,RURAL_CON_ZONA_NUM
09-20-1071-45,QUETZALTENANGO,COATEPEQUE,"COLEGIO PRIVADO URBANO MIXTO ""CIENTIFICO DE ESTUDIOS EN COMPUTACION""",BOULEVARD NORTE LOTIFICACIÓN PRADOS DE COATEPEQUE,URBANA,PRIVADO,SIN_TOKENS
09-20-1355-45,QUETZALTENANGO,COATEPEQUE,COLEGIO CRISTIANO MIXTO SHALOM,"KILÓMETRO 1 RUTA A NUEVO CHUATUJ,",URBANA,PRIVADO,URBANA_KM_SIN_CONTEXTO
09-20-3608-45,QUETZALTENANGO,COATEPEQUE,COLEGIO CRISTIANO BILINGÜE VERBO,KILOMETRO 2.5 A NUEVO CHUATUJ,URBANA,PRIVADO,URBANA_KM_SIN_CONTEXTO
09-20-4185-45,QUETZALTENANGO,COATEPEQUE,NUCLEO FAMILIAR EDUCATIVO PARA EL DESARROLLO NUFED,CASERÍO SANTA INÉS,URBANA,OFICIAL,URBANA_SIN_EVIDENCIA
09-21-0694-45,QUETZALTENANGO,GENOVA COSTA CUCA,IEBC DE ENSEÑANZA,GENOVA COSTA CUCA,URBANA,COOPERATIVA,SIN_TOKENS
09-21-3314-45,QUETZALTENANGO,GENOVA COSTA CUCA,"COLEGIO TÉCNICO PRIVADO MIXTO ""EL SHADDAI""",GENOVA CENTRO,URBANA,PRIVADO,SIN_TOKENS
09-22-0015-45,QUETZALTENANGO,FLORES COSTA CUCA,LICEO TECNICO VOCACIONAL,CENTRO DE FLORES,URBANA,PRIVADO,SIN_TOKENS
09-22-4188-45,QUETZALTENANGO,FLORES COSTA CUCA,NUCLEO FAMILIAR EDUCATIVO PARA EL DESARROLLO NUFED,LOTIFICACION XELAJU,URBANA,OFICIAL,SIN_TOKENS
09-23-0009-45,QUETZALTENANGO,LA ESPERANZA,INEB,2A. AVE. A 2-20 ZONA 4,RURAL,OFICIAL,RURAL_CON_ZONA_NUM
09-24-0031-45,QUETZALTENANGO,PALESTINA DE LOS ALTOS,COLEGIO PRIVADO MIXTO NIELS BORH,SECTOR EL CAMPO,URBANA,PRIVADO,URBANA_SIN_EVIDENCIA
09-24-0036-45,QUETZALTENANGO,PALESTINA DE LOS ALTOS,INSTITUTO MUNICIPAL BR. WERNER GADIEL MORALES HERNÁNDEZ,PALESTINA DE LOS ALTOS,URBANA,MUNICIPAL,SIN_TOKENS
09-01-3813-46,QUETZALTENANGO,QUETZALTENANGO,"COLEGIO PRIVADO URBANO MIXTO ""EL VALLE DE OCCIDENTE""",CAMINO ANTIGUO HACIA LA ESPERANZA,URBANA,PRIVADO,SIN_TOKENS
09-05-0014-46,QUETZALTENANGO,SIBILIA,INSTITUTO MIXTO DE EDUCACION DIVERSIFICADA POR COOPERATIVA DE ENSEÑANZA SIBILIA,ENTRADA PRINCIPAL AL ESTADIO,URBANA,COOPERATIVA,SIN_TOKENS
09-06-0020-46,QUETZALTENANGO,CABRICAN,INSTITUTO MIXTO DIVERSIFICADO POR COOPERATIVA DE ENSEÑANZA CABRICAN,CABECERA MUNICIPAL DE CABRICAN,RURAL,COOPERATIVA,RURAL_SOLO_TOKENS_URBANOS
09-06-0031-46,QUETZALTENANGO,CABRICAN,ESCUELA NACIONAL DE TÉCNICOS DE SALUD RURAL DE OCCIDENTE -ENATESARO-,CENTRO CABRICAN,URBANA,OFICIAL,SIN_TOKENS
09-07-0016-46,QUETZALTENANGO,CAJOLA,INSTITUTO NACIONAL DE EDUCACION DIVERSIFICADA,CENTRO DE CAJOLA,URBANA,OFICIAL,SIN_TOKENS
09-08-0004-46,QUETZALTENANGO,SAN MIGUEL SIGUILA,INSTITUTO NACIONAL DE EDUCACION DIVERSIFICADA,SAN MIGUEL SIGUILA,URBANA,OFICIAL,SIN_TOKENS
09-10-0012-46,QUETZALTENANGO,SAN MATEO,INSTITUTO NACIONAL DE EDUCACION DIVERSIFICADA,SAN MATEO,URBANA,OFICIAL,LONGITUD_INSUFICIENTE
09-12-0026-46,QUETZALTENANGO,SAN MARTIN SACATEPEQUEZ,INSTITUTO NACIONAL DE EDUCACION DIVERSIFICADA,CENTRO DE SAN MARTIN SACATEPEQUEZ,URBANA,OFICIAL,SIN_TOKENS
09-12-0053-46,QUETZALTENANGO,SAN MARTIN SACATEPEQUEZ,COLEGIO PRE-UNIVERSITARIO AMERICA MODERNA,CASERÍO VISTA HERMOSA,URBANA,PRIVADO,URBANA_SIN_EVIDENCIA
09-12-0054-46,QUETZALTENANGO,SAN MARTIN SACATEPEQUEZ,COLEGIO PRE-UNIVERSITARIO AMERICA MODERNA,CASERIO VISTA HERMOSA,URBANA,PRIVADO,URBANA_SIN_EVIDENCIA
09-12-0067-46,QUETZALTENANGO,SAN MARTIN SACATEPEQUEZ,COLEGIO PRE-UNIVERSITARIO AMÉRICA MODERNA,CASERIO VISTA HERMOSA,URBANA,PRIVADO,URBANA_SIN_EVIDENCIA
09-12-0081-46,QUETZALTENANGO,SAN MARTIN SACATEPEQUEZ,COLEGIO PRE-UNIVERSITARIO AMÉRICA MODERNA,CASERIO VISTA HERMOSA,URBANA,PRIVADO,URBANA_SIN_EVIDENCIA
09-14-0019-46,QUETZALTENANGO,CANTEL,INSTITUTO NACIONAL DE EDUCACION DIVERSIFICADA,ALDEA CHUISUC,URBANA,OFICIAL,URBANA_SIN_EVIDENCIA
09-15-0016-46,QUETZALTENANGO,HUITAN,INSTITUTO NACIONAL DE EDUCACION DIVERSIFICADA,CENTRO,URBANA,OFICIAL,LONGITUD_INSUFICIENTE
09-15-0031-46,QUETZALTENANGO,HUITAN,INSTITUTO PRIVADO MIXTO TECNICO INDUSTRIAL,HUITAN,URBANA,PRIVADO,LONGITUD_INSUFICIENTE
09-15-3272-46,QUETZALTENANGO,HUITAN,INSTITUTO PRIVADO MIXTO TECNICO INDUSTRIAL,HUITÁN,URBANA,PRIVADO,LONGITUD_INSUFICIENTE
09-17-0031-46,QUETZALTENANGO,COLOMBA COSTA CUCA,INSTITUTO NACIONAL DE EDUCACION DIVERSIFICADA,COLOMBA,URBANA,OFICIAL,LONGITUD_INSUFICIENTE
09-18-0006-46,QUETZALTENANGO,SAN FRANCISCO LA UNION,INSTITUTO NACIONAL DE EDUCACION DIVERSIFICADA,SAN FRANCISCO LA UNIÓN,URBANA,OFICIAL,SIN_TOKENS
09-19-0013-46,QUETZALTENANGO,EL PALMAR,INSTITUTO NACIONAL DE EDUCACION DIVERSIFICADA,EL PALMAR,URBANA,OFICIAL,LONGITUD_INSUFICIENTE
09-19-0014-46,QUETZALTENANGO,EL PALMAR,INSTITUTO NACIONAL DE EDUCACION DIVERSIFICADA,LOTIFICACIÓN SAN MARCOS,RURAL,OFICIAL,SIN_TOKENS
09-19-2611-46,QUETZALTENANGO,EL PALMAR,"COLEGIO PRIVADO URBANO MIXTO ""SANTIAGO APOSTOL""","EL PALMAR, QUETZALTENANGO",URBANA,PRIVADO,SIN_TOKENS
09-20-0029-46,QUETZALTENANGO,COATEPEQUE,INSTITUTO TECNICO DE CAPACITACION Y PRODUCTIVIDAD -INTECAP-,KM. 222 CARRETERA CA-2 PACIFICO,URBANA,PRIVADO,URBANA_KM_SIN_CONTEXTO
09-20-0034-46,QUETZALTENANGO,COATEPEQUE,"COLEGIO CRISTIANO MIXTO ""SHALOM""","KILÓMETRO 1 RUTA A NUEVO CHUATUJ,",URBANA,PRIVADO,URBANA_KM_SIN_CONTEXTO
09-20-0144-46,QUETZALTENANGO,COATEPEQUE,"CENTRO EDUCATIVO LICEO INTEGRAL ""KAIROS""",SAN VICENTE PACAYÁ,RURAL,PRIVADO,SIN_TOKENS
09-20-1069-46,QUETZALTENANGO,COATEPEQUE,"COLEGIO PRIVADO URBANO MIXTO ""CIENTIFICO DE ESTUDIOS EN COMPUTACION""",BOULEVARD NORTE LOTIFICACIÓN PRADOS DE COATEPEQUE,URBANA,PRIVADO,SIN_TOKENS
09-20-3656-46,QUETZALTENANGO,COATEPEQUE,"COLEGIO PRIVADO URBANO MIXTO ""CIENTIFICO DE ESTUDIOS EN COMPUTACION""",BOULEVARD NORTE LOTIFICACIÓN PRADOS DE COATEPEQUE,URBANA,PRIVADO,SIN_TOKENS
09-21-0037-46,QUETZALTENANGO,GENOVA COSTA CUCA,INSTITUTO NACIONAL DE EDUCACION DIVERSIFICADA,GENOVA COSTA CUCA,URBANA,OFICIAL,SIN_TOKENS
09-21-0050-46,QUETZALTENANGO,GENOVA COSTA CUCA,"COLEGIO TÉCNICO PRIVADO MIXTO ""EL SHADDAI""",GENOVA CENTRO,URBANA,PRIVADO,SIN_TOKENS
09-21-0062-46,QUETZALTENANGO,GENOVA COSTA CUCA,"COLEGIO TÉCNICO PRIVADO MIXTO ""EL SHADDAI""",CENTRO DE GÉNOVA,URBANA,PRIVADO,SIN_TOKENS
09-21-0069-46,QUETZALTENANGO,GENOVA COSTA CUCA,INSTITUTO DE EDUCACIÓN DIVERSIFICADO POR COOPERATIVA SAN JOSÉ,BARRIO SAN JOSÉ,RURAL,COOPERATIVA,RURAL_SOLO_TOKENS_URBANOS
09-22-0016-46,QUETZALTENANGO,FLORES COSTA CUCA,LICEO TECNICO VOCACIONAL,EL CENTRO DE FLORES,URBANA,PRIVADO,SIN_TOKENS
09-22-0017-46,QUETZALTENANGO,FLORES COSTA CUCA,LICEO TECNICO VOCACIONAL,EL CENTRO DE FLORES,URBANA,PRIVADO,SIN_TOKENS
09-24-0030-46,QUETZALTENANGO,PALESTINA DE LOS ALTOS,COLEGIO PRIVADO MIXTO NIELS BORH,SECTOR EL CAMPO,URBANA,PRIVADO,URBANA_SIN_EVIDENCIA
09-24-0037-46,QUETZALTENANGO,PALESTINA DE LOS ALTOS,INSTITUTO MUNICIPAL BR. WERNER GADIEL MORALES HERNÁNDEZ,PALESTINA DE LOS ALTOS,URBANA,MUNICIPAL,SIN_TOKENS
14-01-0111-45,QUICHE,SANTA CRUZ DEL QUICHE,INEB,5A- AVENIDA Y 7A. CALLE ZONA 5,RURAL,OFICIAL,RURAL_CON_ZONA_NUM
14-01-0233-45,QUICHE,SANTA CRUZ DEL QUICHE,CENTRO DE EDUCACION EXTRAESCOLAR -CEEX-,2A. AVENIDA 1-04 ZONA 1,RURAL,PRIVADO,RURAL_CON_ZONA_NUM
14-02-0116-45,QUICHE,CHICHE,INSTITUTO DE EDUCACIÓN BÁSICA POR COOPERATIVA DE ENSEÑANZA,CHICHE,URBANA,COOPERATIVA,LONGITUD_INSUFICIENTE
14-03-0154-45,QUICHE,CHINIQUE,INSTITUTO DE EDUCACIÓN BÁSICA POR COOPERATIVA DE ENSEÑANZA,CHINIQUE,URBANA,COOPERATIVA,LONGITUD_INSUFICIENTE
14-04-0019-45,QUICHE,ZACUALPA,INEB,ZACUALPA,URBANA,OFICIAL,LONGITUD_INSUFICIENTE
14-04-5714-45,QUICHE,ZACUALPA,"CENTRO EDUCATIVO RI TINAMIT KUWALSAJ RIB, FE Y ALEGRIA NO. 11",02 AV. 05-05 ZONA 1,RURAL,PRIVADO,RURAL_CON_ZONA_NUM
14-05-0054-45,QUICHE,CHAJUL,INSTITUTO MIXTO DE EDUCACIÓN BÁSICA POR COOPERATIVA DE ENSEÑANZA,CANTON VIPATNÁ,URBANA,COOPERATIVA,URBANA_SIN_EVIDENCIA
14-05-0055-45,QUICHE,CHAJUL,INEB,CANTON XECHEVEX,URBANA,OFICIAL,URBANA_SIN_EVIDENCIA
14-05-0089-45,QUICHE,CHAJUL,COLEGIO EVANGÉLICO PRESBITERIANO WILLIAMSBURG CENTRAL,VI CHAXA CANTÓN ILÓM,URBANA,PRIVADO,URBANA_SIN_EVIDENCIA
14-05-0093-45,QUICHE,CHAJUL,COLEGIO MIXTO HORIZONTES SIN LIMITES IXIL,SECTOR VI PATNA DEL CANTÓN CHAJUL,URBANA,PRIVADO,URBANA_SIN_EVIDENCIA
14-06-1226-45,QUICHE,SANTO TOMAS CHICHICASTENANGO,INSTITUTO MIXTO BASICO CENTRO EDUCATIVO ANUNCIATA,"ARCO GUCUMATZ 1-85, SALIDA AL QUICHE",URBANA,PRIVADO,SIN_TOKENS
14-06-5091-45,QUICHE,SANTO TOMAS CHICHICASTENANGO,ESCUELA DE CIENCIAS COMERCIALES,LOTIFICACION VILLAS DE SANTO TOMAS,URBANA,PRIVADO,SIN_TOKENS
14-07-4214-45,QUICHE,PATZITE,INEB DE TELESECUNDARIA,PATZITE,URBANA,OFICIAL,LONGITUD_INSUFICIENTE
14-09-0038-45,QUICHE,SAN PEDRO JOCOPILAS,INEB,SAN PEDRO JOCOPILAS,URBANA,OFICIAL,SIN_TOKENS
14-09-0953-45,QUICHE,SAN PEDRO JOCOPILAS,IEBC DE ENSEÑANZA,SAN PEDRO JOCOPILAS,URBANA,COOPERATIVA,SIN_TOKENS
14-10-0396-45,QUICHE,CUNEN,IEBC DE ENSEÑANZA,CUNEN,URBANA,COOPERATIVA,LONGITUD_INSUFICIENTE
14-11-0058-45,QUICHE,SAN JUAN COTZAL,"INSTITUTO MUNICIPAL DE EDUCACIÓN BÁSICA Y BACHILLERATO POR MADUREZ ""SAN JUAN""",CANTÓN VIACAAN,URBANA,PRIVADO,URBANA_SIN_EVIDENCIA
14-11-3872-45,QUICHE,SAN JUAN COTZAL,INSTITUTO DE EDUCACIÓN BÁSICA POR COOPERATIVA,CANTÓN VIACAAN,URBANA,COOPERATIVA,URBANA_SIN_EVIDENCIA
14-11-6127-45,QUICHE,SAN JUAN COTZAL,INSTITUTO MIXTO DE EDUCACION BASICA POR COOPERATIVA IMEBC,CANTON TZICUXMAJ,URBANA,COOPERATIVA,URBANA_SIN_EVIDENCIA
14-12-5711-45,QUICHE,JOYABAJ,COLEGIO EVANGELICO METODISTA BEREA,LOTIFICACION LOS ROBLES,URBANA,PRIVADO,SIN_TOKENS
14-13-0066-45,QUICHE,NEBAJ,INEB,CANTON TIJOM,URBANA,OFICIAL,URBANA_SIN_EVIDENCIA
14-13-0067-45,QUICHE,NEBAJ,INEB,ASENTAMIENTO LAS VIOLETAS,URBANA,OFICIAL,SIN_TOKENS
14-13-0113-45,QUICHE,NEBAJ,COLEGIO CRISTIANO NICOLÁS,"CASERÍO VIKOLÁ, ALDEA RIO AZUL",URBANA,PRIVADO,URBANA_SIN_EVIDENCIA
14-13-0128-45,QUICHE,NEBAJ,COLEGIO CATÓLICO SANTA ELIZABETH SETON,CANTÓN SIMOCOL,URBANA,PRIVADO,URBANA_SIN_EVIDENCIA
14-13-5283-45,QUICHE,NEBAJ,COLEGIO EVANGELICO METODISTA CENTRO IXIL,CANTON VIPILA,URBANA,PRIVADO,URBANA_SIN_EVIDENCIA
14-13-5284-45,QUICHE,NEBAJ,COLEGIO EVANGELICO MIXTO JESUS EL MAESTRO: VIDA Y ESPERANZA,NEBAJ,URBANA,PRIVADO,LONGITUD_INSUFICIENTE
14-13-5409-45,QUICHE,NEBAJ,INSTITUTO DE EDUCACIÓN BÁSICA POR COOPERATIVA,CANTON SIMOCOL,URBANA,COOPERATIVA,URBANA_SIN_EVIDENCIA
14-15-0100-45,QUICHE,SAN MIGUEL USPANTAN,INEB,"5TA. CALLE 2-10, ZONA 1",RURAL,OFICIAL,RURAL_CON_ZONA_NUM
14-15-0216-45,QUICHE,SAN MIGUEL USPANTAN,LICEO MIXTO SAN MIGUEL,SAN MIGUEL USPANTAN,URBANA,PRIVADO,SIN_TOKENS
14-15-0218-45,QUICHE,SAN MIGUEL USPANTAN,LICEO MIXTO SAN MIGUEL,SAN MIGUEL USPANTAN,URBANA,PRIVADO,SIN_TOKENS
14-15-0237-45,QUICHE,SAN MIGUEL USPANTAN,CENTRO DE EDUCACIÓN EXTRAESCOLAR -CEEX-,"2A, AV. 1-04, ZONA 1",RURAL,OFICIAL,RURAL_CON_ZONA_NUM
14-16-0684-45,QUICHE,SACAPULAS,INSTITUTO DE EDUCACIÓN BÁSICA POR COOPERATIVA DE ENSEÑANZA,SACAPULAS,URBANA,COOPERATIVA,LONGITUD_INSUFICIENTE
14-17-0011-45,QUICHE,SAN BARTOLOME JOCOTENANGO,INEB,CENTRO DEL MUNICIPIO,URBANA,OFICIAL,SIN_TOKENS
14-18-0017-45,QUICHE,CANILLA,INEB,1A. AVENIDA 5-31 ZONA 3,RURAL,OFICIAL,RURAL_CON_ZONA_NUM
14-18-0709-45,QUICHE,CANILLA,INSTITUTO DE EDUCACIÓN BÁSICA POR COOPERATIVA,CANILLA,URBANA,COOPERATIVA,LONGITUD_INSUFICIENTE
14-19-0082-45,QUICHE,CHICAMAN,INSTITUTO DE EDUCACIÓN BÁSICA POR COOPERATIVA DE ENSEÑANZA,BARRIO SAN PEDRO BELEJÚ,RURAL,COOPERATIVA,RURAL_SOLO_TOKENS_URBANOS
14-19-0753-45,QUICHE,CHICAMAN,INSTITUTO DE EDUCACIÓN BÁSICA POR COOPERATIVA,CHICAMAN,URBANA,COOPERATIVA,LONGITUD_INSUFICIENTE
14-20-0168-45,QUICHE,IXCAN,IPMB LICEO AMERICANO MUNDO MAYA,"PLAYA GRANDE, IXCÁN LOTE 08, COLINIA BUENA VISTA, ENTRADA A SAN FRANCISCO.",URBANA,PRIVADO,URBANA_SIN_EVIDENCIA
14-20-0838-45,QUICHE,IXCAN,IEBC DE ENSEÑANZA,"ZONA 1, PLAYA GRANDE",RURAL,COOPERATIVA,RURAL_CON_ZONA_NUM
14-21-0007-45,QUICHE,PACHALUN,INEB,PACHALUM,URBANA,OFICIAL,LONGITUD_INSUFICIENTE
14-21-5886-45,QUICHE,PACHALUN,LICEO INTERCULTURAL PACHALUMENSE,VALLE LINDA VISTA SALIDA A MORITAS,URBANA,PRIVADO,SIN_TOKENS
14-01-0199-46,QUICHE,SANTA CRUZ DEL QUICHE,COLEGIO NUESTRA SEÑORA DEL ROSARIO,SANTA CRUZ DEL QUICHE,URBANA,PRIVADO,SIN_TOKENS
14-01-0265-46,QUICHE,SANTA CRUZ DEL QUICHE,PROGRAMA NACIONA DE EDUCACIÓN ALTERNATIVA -PRONEA-,"2A. AV. 1-4 ZONA 1, QUICHÉ",RURAL,OFICIAL,RURAL_CON_ZONA_NUM
14-02-0027-46,QUICHE,CHICHE,"COLEGIO EVANGÉLICO ""ADONAI""",CHICHÉ,URBANA,PRIVADO,LONGITUD_INSUFICIENTE
14-05-0061-46,QUICHE,CHAJUL,COLEGIO EVANGELICO METODISTA FILADELFIA,CANTON ILOM,URBANA,PRIVADO,URBANA_SIN_EVIDENCIA
14-05-0080-46,QUICHE,CHAJUL,INSTITUTO DIVERSIFICADO POR COOPERATIVA DE ENSEÑANZA,CANTÓN VIPATNÁ,URBANA,COOPERATIVA,URBANA_SIN_EVIDENCIA
14-05-0084-46,QUICHE,CHAJUL,INSTITUTO DIVERSIFICADO MIXTO BILINGÜE,CANTÓN VIPATNÁ,URBANA,PRIVADO,URBANA_SIN_EVIDENCIA
14-05-0103-46,QUICHE,CHAJUL,COLEGIO MIXTO HORIZONTES SIN LIMITES IXIL,SECTOR VI PATNA DEL CANTÓN CHAJUL,URBANA,PRIVADO,URBANA_SIN_EVIDENCIA
14-05-5455-46,QUICHE,CHAJUL,INSTITUTO DIVERSIFICADO SOCIEDAD IXIL,CANTON ILOM,URBANA,PRIVADO,URBANA_SIN_EVIDENCIA
14-06-0038-46,QUICHE,SANTO TOMAS CHICHICASTENANGO,CENTRO EDUCATIVO ANUNCIATA,CHICHICASTENANGO,URBANA,PRIVADO,SIN_TOKENS
14-06-1079-46,QUICHE,SANTO TOMAS CHICHICASTENANGO,ESCUELA DE CIENCIAS COMERCIALES,LOTIFICACION VILLAS DE SANTO TOMAS,URBANA,PRIVADO,SIN_TOKENS
14-06-5701-46,QUICHE,SANTO TOMAS CHICHICASTENANGO,CENTRO DE ESTUDIOS AVANZADOS NO´J -CEAN-,5A. AVENIDA FINAL SALIDA A SANTA CRUZ DE QUICHÉ,RURAL,PRIVADO,RURAL_SOLO_TOKENS_URBANOS
14-07-0009-46,QUICHE,PATZITE,INSTITUTO NACIONAL DE EDUCACION DIVERSIFICADA,ÁREA URBANA,URBANA,OFICIAL,SIN_TOKENS
14-09-0091-46,QUICHE,SAN PEDRO JOCOPILAS,CENTRO OFICIAL DE EDUCACIÓN EXTRAESCOLAR -CEEX-,SAN PEDRO JOCOPILAS,URBANA,OFICIAL,SIN_TOKENS
14-10-0077-46,QUICHE,CUNEN,"COLEGIO MIXTO BILINGÜE INTERCULTURAL ""HERMANO OSCAR AZMITIA""",BARRRIO SAN FRANCISCO,URBANA,PRIVADO,SIN_TOKENS
14-11-0059-46,QUICHE,SAN JUAN COTZAL,"INSTITUTO MUNICIPAL DE EDUCACIÓN BÁSICA Y BACHILLERATO POR MADUREZ ""SAN JUAN""",CANTÓN VIACAAN,URBANA,PRIVADO,URBANA_SIN_EVIDENCIA
14-11-5000-46,QUICHE,SAN JUAN COTZAL,INSTITUTO NORMAL MIXTO DIVERSIFICADO POR COOPERATIVA,CANTON TUCORAL,URBANA,COOPERATIVA,URBANA_SIN_EVIDENCIA
14-13-0068-46,QUICHE,NEBAJ,INSTITUTO NACIONAL DE EDUCACION DIVERSIFICADA,CANTON VICOTZ,URBANA,OFICIAL,URBANA_SIN_EVIDENCIA
14-13-0114-46,QUICHE,NEBAJ,COLEGIO CRISTIANO NICOLÁS,"CASERÍO VIKOLÁ, ALDEA RIO AZUL",URBANA,PRIVADO,URBANA_SIN_EVIDENCIA
14-13-0124-46,QUICHE,NEBAJ,CENTRO DE ESTUDIOS INTEGRADOS TECNÓLOGICO NEBAJ,CANTÓN BATZBACÁ,URBANA,PRIVADO,URBANA_SIN_EVIDENCIA
14-13-0126-46,QUICHE,NEBAJ,CENTRO DE EDUCACIÓN EXTRAESCOLAR -CEEX-,MERCADO DE ARTESANÍAS,URBANA,OFICIAL,SIN_TOKENS
14-13-4572-46,QUICHE,NEBAJ,INSTITUTO MIXTO DIVERSIFICADO IXIL,CANTON SIMOCOL,URBANA,PRIVADO,URBANA_SIN_EVIDENCIA
14-13-5665-46,QUICHE,NEBAJ,CENTRO DE ESTUDIOS INTEGRADOS TECNOLOGICO NEBAJ,CABECERA MUNICIPAL,RURAL,PRIVADO,RURAL_SOLO_TOKENS_URBANOS
14-15-0215-46,QUICHE,SAN MIGUEL USPANTAN,LICEO MIXTO SAN MIGUEL,SAN MIGUEL USPANTAN,URBANA,PRIVADO,SIN_TOKENS
14-15-0217-46,QUICHE,SAN MIGUEL USPANTAN,LICEO MIXTO SAN MIGUEL,SAN MIGUEL USPANTAN,URBANA,PRIVADO,SIN_TOKENS
14-16-0093-46,QUICHE,SACAPULAS,INSTITUTO MUNICIPAL DE SACAPULAS -IMSAC-,CASERÍO CHUPACAY,URBANA,PRIVADO,URBANA_SIN_EVIDENCIA
14-16-5259-46,QUICHE,SACAPULAS,LICEO SACAPULAS,CASERÍO CHUPACAY,URBANA,PRIVADO,URBANA_SIN_EVIDENCIA
14-21-0006-46,QUICHE,PACHALUN,INSTITUTO MIXTO DIVERSIFICADO POR COOPERATIVA DE ENSEÑANZA,CABECERA MUNICIPAL,RURAL,COOPERATIVA,RURAL_SOLO_TOKENS_URBANOS
14-21-0023-46,QUICHE,PACHALUN,"""LICEO INTERCULTURAL PACHALUMENSE""","VALLE LINDA VISTA, SALIDA A MORITAS",URBANA,PRIVADO,SIN_TOKENS
14-21-0024-46,QUICHE,PACHALUN,LICEO INTERCULTURAL PACHALUMENSE,"VALLE LINDA VISTA, SALIDA A MORITAS",URBANA,PRIVADO,SIN_TOKENS
14-21-0036-46,QUICHE,PACHALUN,LICEO INTERCULTURAL PACHALUMENSE,"VALLE LINDA VISTA, SALIDA A MORITAS",URBANA,PRIVADO,SIN_TOKENS
11-01-0097-45,RETALHULEU,RETALHULEU,INSTITUTO NACIONAL DE EDUCACION BASICA DE TELESECUNDARIA,LOTIFICACION VISTA HERMOSA,RURAL,OFICIAL,SIN_TOKENS
11-01-0235-45,RETALHULEU,RETALHULEU,LICEO TECNOLÓGICO JAVIER MARTINEZ,"7A. CALLE, 2-54, ZONA 1 RETALHULEU",RURAL,PRIVADO,RURAL_CON_ZONA_NUM
11-01-0277-45,RETALHULEU,RETALHULEU,"COLEGIO ""SANTA TERESA""",ALDEA CABALLO BLANCO,URBANA,PRIVADO,URBANA_SIN_EVIDENCIA
11-01-0315-45,RETALHULEU,RETALHULEU,"COLEGIO EDUCATIVO PRIVADO MIXTO DE FORMACIÓN Y CAPACITACIÓN ""MIGUEL ÁNGEL ASTURIAS""","SECTOR EL INFIERNITO, PARCELAMIENTO CABALLO BLANCO, RETALHULEU",URBANA,PRIVADO,URBANA_SIN_EVIDENCIA
11-01-0319-45,RETALHULEU,RETALHULEU,"COLEGIO EDUCATIVO PRIVADO MIXTO DE FORMACIÓN Y CAPACITACIÓN ""MIGUEL ÁNGEL ASTURIAS""","SECTOR EL INFIERNITO, PARCELAMIENTO CABALLO BLANCO, RETALHULEU",URBANA,PRIVADO,URBANA_SIN_EVIDENCIA
11-01-0408-45,RETALHULEU,RETALHULEU,COLEGIO CRISTIANO BELÉN,LA GUITARRA,RURAL,PRIVADO,SIN_TOKENS
11-01-0471-45,RETALHULEU,RETALHULEU,"COLEGIO TECNOLÓGICO ""CABALLO BLANCO""","SECTOR LA UNIN, PARCELAMIENTO CABALLO BLANCO",URBANA,PRIVADO,URBANA_SIN_EVIDENCIA
11-01-0495-45,RETALHULEU,RETALHULEU,COLEGIO EDUCATIVO PRIVADO MIXTO DE FORMACIÓN Y CAPACITACIÓN MIGUEL ANGEL ASTURIAS,LOTIFICACION EL INFIERNITO CABALLO BLANCO,URBANA,PRIVADO,SIN_TOKENS
11-01-0526-45,RETALHULEU,RETALHULEU,COLEGIO SAN ANDRÉS VILLA SECA,LINEA C-4 SIS PARCELAMIENTO LA MAQUINA,URBANA,PRIVADO,URBANA_SIN_EVIDENCIA
11-01-1186-45,RETALHULEU,RETALHULEU,INSTITUTO BÁSICO POR COOPERATIVA,COMUNIDAD AGRARIA VALLE LIRIO,URBANA,COOPERATIVA,URBANA_SIN_EVIDENCIA
11-02-0010-45,RETALHULEU,SAN SEBASTIAN,CENTRO EDUCATIVO DE ESTUDIOS INTEGRADOS SAN SEBASTIAN CEEDISS,KM. 184 CANTÓN PUCA,URBANA,PRIVADO,URBANA_KM_SIN_CONTEXTO
11-02-0012-45,RETALHULEU,SAN SEBASTIAN,CENTRO EDUCATIVO DE ESTUDIOS INTEGRADOS SAN SEBASTIAN CEEDISS,KM. 184 CANTÓN PUCA,URBANA,PRIVADO,URBANA_KM_SIN_CONTEXTO
11-02-0040-45,RETALHULEU,SAN SEBASTIAN,CENTRO EDUCATIVO DE ESTUDIOS INTEGRADOS SAN SEBASTIÁN CEEDISS,KM. 184 CANTÓN PUCA,URBANA,PRIVADO,URBANA_KM_SIN_CONTEXTO
11-02-0050-45,RETALHULEU,SAN SEBASTIAN,COLEGIO EVANGÉLICO DE ESTUDIOS INTEGRADOS SAN SEBASTIÁN CEEDISS,KM. 183 CANTON PUCA,URBANA,PRIVADO,URBANA_KM_SIN_CONTEXTO
11-02-0055-45,RETALHULEU,SAN SEBASTIAN,COLEGIO EVANGÉLICO DE ESTUDIOS INTEGRADOS SAN SEBASTIÁN CEEDISS,KM. 183 CANTON PUCA,URBANA,PRIVADO,URBANA_KM_SIN_CONTEXTO
11-02-0057-45,RETALHULEU,SAN SEBASTIAN,COLEGIO EVANGÉLICO DE ESTUDIOS INTEGRADOS SAN SEBASTIÁN CEEDISS,KM. 183 CANTON PUCA,URBANA,PRIVADO,URBANA_KM_SIN_CONTEXTO
11-02-0060-45,RETALHULEU,SAN SEBASTIAN,COLEGIO PRIVADO MIXTO SAN SEBASTIÁN,CANTON SAMALA 1,URBANA,PRIVADO,URBANA_SIN_EVIDENCIA
11-02-0062-45,RETALHULEU,SAN SEBASTIAN,COLEGIO EVANGELICO DE ESTUDIOS INTEGRADOS SAN SEBASTIAN CEEDISS,"KILOMETRO 183, CANTON PUCA 1",URBANA,PRIVADO,URBANA_KM_SIN_CONTEXTO
11-03-1422-45,RETALHULEU,SANTA CRUZ MULUA,IPMB SANTA CRUZ MULUA,SALIDA A CANTON CEIBA BLANCA,URBANA,PRIVADO,URBANA_SIN_EVIDENCIA
11-04-0016-45,RETALHULEU,SAN MARTIN ZAPOTITLAN,COLEGIO EVANGELICO MIXTO TECNOLOGICO LA PATRIA SUR,INTERIOR DEL SEMINARIO PRESBITERIANO KILOMETRO 182.5,URBANA,PRIVADO,URBANA_KM_SIN_CONTEXTO
11-04-0031-45,RETALHULEU,SAN MARTIN ZAPOTITLAN,INSTITUTO MUNICIPAL DE EDUCACIÓN MEDIA Y BACHILLERATO POR MADUREZ,SAN MARTIN ZAPOTITLAN,URBANA,MUNICIPAL,SIN_TOKENS
11-04-0036-45,RETALHULEU,SAN MARTIN ZAPOTITLAN,COLEGIO MIXTO TECNOLÓGICO ZAPOTITLÁN,"ZONA 3, ARMENIA ORTIZ",RURAL,PRIVADO,RURAL_CON_ZONA_NUM
11-05-0006-45,RETALHULEU,SAN FELIPE,INEB,ALDEA FEGUA,URBANA,OFICIAL,URBANA_SIN_EVIDENCIA
11-05-0013-45,RETALHULEU,SAN FELIPE,"COLEGIO PARTICULAR MIXTO ""SAN FELIPE"" - COSANFE -","LOTIFICACION ""LA ESPERANZA""",URBANA,PRIVADO,SIN_TOKENS
11-05-0035-45,RETALHULEU,SAN FELIPE,INSTITUTO MIXTO DE EDUCACIÓN BÁSICA POR COOPERATIVA DE ENSEÑANZA,TIERRA COLORADA,RURAL,COOPERATIVA,SIN_TOKENS
11-05-0139-45,RETALHULEU,SAN FELIPE,"COLEGIO PARTICULAR MIXTO ""SAN FELIPE"" - COSANFE -","LOTIFICACIÓN ""LA ESPERANZA""",URBANA,PRIVADO,SIN_TOKENS
11-06-0049-45,RETALHULEU,SAN ANDRES VILLA SECA,COLEGIO BILINGÜE MUNDO MÁGICO,CENTRO DOS PARCELAMIENTO LA MAQUINA,URBANA,PRIVADO,URBANA_SIN_EVIDENCIA
11-06-0081-45,RETALHULEU,SAN ANDRES VILLA SECA,LICEO TÉCNICO MAQUINENSE LITECMA,FAJA NO.9 LADO SAMALA,RURAL,PRIVADO,SIN_TOKENS
11-06-0087-45,RETALHULEU,SAN ANDRES VILLA SECA,COLEGIO SAN ANDRÉS VILLA SECA,LINEA C-4 SIS PARCELAMIENTO LA MAQUINA,URBANA,PRIVADO,URBANA_SIN_EVIDENCIA
11-06-1468-45,RETALHULEU,SAN ANDRES VILLA SECA,COLEGIO CIENTIFICO INDUSTRIAL EL TRIUNFO,ENTRADA PRINCIPAL CENTRO 2 LA MAQUINA,URBANA,PRIVADO,SIN_TOKENS
11-06-1472-45,RETALHULEU,SAN ANDRES VILLA SECA,NUCLEO FAMILIAR EDUCATIVO PARA EL DESARROLLO NUFED N. 313,LINEA C-4 EJE AL SAMALA CENTRO 2 LA MAQUINA,RURAL,OFICIAL,SIN_TOKENS
11-09-0028-45,RETALHULEU,EL ASINTAL,INEB DE TELESECUNDARIA,COLONIA SANTA ELENA,RURAL,OFICIAL,RURAL_SOLO_TOKENS_URBANOS
11-09-0039-45,RETALHULEU,EL ASINTAL,COLEGIO MIXTO ADVENTISTA EL XAB,"KILOMETRO 197.5 RUTA 6W, ALDEA XAB",URBANA,PRIVADO,URBANA_KM_SIN_CONTEXTO
11-09-0040-45,RETALHULEU,EL ASINTAL,COLEGIO MIXTO ADVENTISTA EL XAB,"KILOMETRO 197.5 RUTA 6W, ALDEA XAB",URBANA,PRIVADO,URBANA_KM_SIN_CONTEXTO
11-09-0077-45,RETALHULEU,EL ASINTAL,CENTRO EDUCATIVO NUEVO AMANECER,ALDEA SIBANÁ,URBANA,PRIVADO,URBANA_SIN_EVIDENCIA
11-09-0094-45,RETALHULEU,EL ASINTAL,CENTRO EDUCATIVO NUEVO AMANECER,ALDEA SIBANA,URBANA,PRIVADO,URBANA_SIN_EVIDENCIA
11-01-0110-46,RETALHULEU,RETALHULEU,INSTITUTO TECNICO DE CAPACITACION Y PRODUCTIVIDAD -INTECAP-,KM. 192 CARRETERA A CHAMPERICO,URBANA,PRIVADO,URBANA_KM_SIN_CONTEXTO
11-01-0237-46,RETALHULEU,RETALHULEU,LICEO TECNOLÓGICO JAVIER MARTINEZ,"7A. CALLE, 2-54, ZONA 1 RETALHULEU",RURAL,PRIVADO,RURAL_CON_ZONA_NUM
11-01-0276-46,RETALHULEU,RETALHULEU,"COLEGIO ""SANTA TERESA""",ALDEA CABALLO BLANCO,URBANA,PRIVADO,URBANA_SIN_EVIDENCIA
11-01-0316-46,RETALHULEU,RETALHULEU,"COLEGIO EDUCATIVO PRIVADO MIXTO DE FORMACIÓN Y CAPACITACIÓN ""MIGUEL ÁNGEL ASTURIAS""","SECTOR EL INFIERNITO, PARCELAMIENTO CABALLO BLANCO, RETALHULEU",URBANA,PRIVADO,URBANA_SIN_EVIDENCIA
11-01-0320-46,RETALHULEU,RETALHULEU,"COLEGIO EDUCATIVO PRIVADO MIXTO DE FORMACIÓN Y CAPACITACIÓN ""MIGUEL ÁNGEL ASTURIAS""","SECTOR EL INFIERNITO, PARCELAMIENTO CABALLO BLANCO, RETALHULEU",URBANA,PRIVADO,URBANA_SIN_EVIDENCIA
11-01-0446-46,RETALHULEU,RETALHULEU,PROGRAMA NACIONAL DE EDUCACION ALTERNATIVA -PRONEA-,4A. CALLE 6-10 ZONA 6,RURAL,OFICIAL,RURAL_CON_ZONA_NUM
11-01-0472-46,RETALHULEU,RETALHULEU,"COLEGIO TECNOLÓGICO ""CABALLO BLANCO""","SECTOR LA UNIN, PARCELAMIENTO CABALLO BLANCO",URBANA,PRIVADO,URBANA_SIN_EVIDENCIA
11-01-0496-46,RETALHULEU,RETALHULEU,COLEGIO EDUCATIVO PRIVADO MIXTO DE FORMACIÓN Y CAPACITACIÓN MIGUEL ANGEL ASTURIAS,LOTIFICACION EL INFIERNITO CABALLO BLANCO,URBANA,PRIVADO,SIN_TOKENS
11-01-1424-46,RETALHULEU,RETALHULEU,LICEO EVANGELICO GUATEMALTECO ISRAEL,DEPARTAMENTO DE RETALHULEU,URBANA,PRIVADO,SIN_TOKENS
11-02-0011-46,RETALHULEU,SAN SEBASTIAN,CENTRO EDUCATIVO DE ESTUDIOS INTEGRADOS SAN SEBASTIAN CEEDISS,KM. 184 CANTÓN PUCA,URBANA,PRIVADO,URBANA_KM_SIN_CONTEXTO
11-02-0013-46,RETALHULEU,SAN SEBASTIAN,CENTRO EDUCATIVO DE ESTUDIOS INTEGRADOS SAN SEBASTIAN CEEDISS,KM. 184 CANTÓN PUCA,URBANA,PRIVADO,URBANA_KM_SIN_CONTEXTO
11-02-0038-46,RETALHULEU,SAN SEBASTIAN,CENTRO EDUCATIVO DE ESTUDIOS INTEGRADOS SAN SEBASTIÁN CEEDISS,KM 184 CANTÓN PUCA,URBANA,PRIVADO,URBANA_KM_SIN_CONTEXTO
11-02-0039-46,RETALHULEU,SAN SEBASTIAN,CENTRO EDUCATIVO DE ESTUDIOS INTEGRADOS SAN SEBASTIÁN CEEDISS,KM. 184 CANTÓN PUCA,URBANA,PRIVADO,URBANA_KM_SIN_CONTEXTO
11-02-0056-46,RETALHULEU,SAN SEBASTIAN,COLEGIO EVANGÉLICO DE ESTUDIOS INTEGRADOS SAN SEBASTIÁN CEEDISS,KM. 183 CANTON PUCA,URBANA,PRIVADO,URBANA_KM_SIN_CONTEXTO
11-02-0058-46,RETALHULEU,SAN SEBASTIAN,COLEGIO EVANGÉLICO DE ESTUDIOS INTEGRADOS SAN SEBASTIÁN CEEDISS,KM. 183 CANTON PUCA,URBANA,PRIVADO,URBANA_KM_SIN_CONTEXTO
11-02-0059-46,RETALHULEU,SAN SEBASTIAN,COLEGIO EVANGÉLICO DE ESTUDIOS INTEGRADOS SAN SEBASTIÁN CEEDISS,KM. 183 CANTON PUCA,URBANA,PRIVADO,URBANA_KM_SIN_CONTEXTO
11-02-0061-46,RETALHULEU,SAN SEBASTIAN,COLEGIO PRIVADO MIXTO SAN SEBASTIÁN,CANTON SAMALA 1,URBANA,PRIVADO,URBANA_SIN_EVIDENCIA
11-02-0063-46,RETALHULEU,SAN SEBASTIAN,COLEGIO EVANGELICO DE ESTUDIOS INTEGRADOS SAN SEBASTIAN CEEDISS,"KILOMETRO 183, CANTON PUCA 1",URBANA,PRIVADO,URBANA_KM_SIN_CONTEXTO
11-04-0017-46,RETALHULEU,SAN MARTIN ZAPOTITLAN,COLEGIO EVANGELICO MIXTO TECNOLOGICO LA PATRIA SUR,INTERIOR DEL SEMINARIO PRESBITERIANO KILOMETRO 182.5,URBANA,PRIVADO,URBANA_KM_SIN_CONTEXTO
11-04-0019-46,RETALHULEU,SAN MARTIN ZAPOTITLAN,COLEGIO EVANGELICO MIXTO TECNOLOGICO LA PATRIA SUR,"KM. 182.5 CARRETERA A QUETGO., INTERIOR DEL SEMINARIO EVANGELICO P.",URBANA,PRIVADO,URBANA_KM_SIN_CONTEXTO
11-04-0037-46,RETALHULEU,SAN MARTIN ZAPOTITLAN,COLEGIO MIXTO TECNOLÓGICO ZAPOTITLÁN,"ZONA 3, ARMENIA ORTIZ",RURAL,PRIVADO,RURAL_CON_ZONA_NUM
11-05-0014-46,RETALHULEU,SAN FELIPE,"COLEGIO PARTICULAR MIXTO ""SAN FELIPE"" - COSANFE -","LOTIFICACION ""LA ESPERANZA""",URBANA,PRIVADO,SIN_TOKENS
11-05-0142-46,RETALHULEU,SAN FELIPE,"COLEGIO PARTICULAR MIXTO ""SAN FELIPE"" - COSANFE -","LOTIFICACIÓN ""LA ESPERANZA""",URBANA,PRIVADO,SIN_TOKENS
11-06-0050-46,RETALHULEU,SAN ANDRES VILLA SECA,COLEGIO BILINGÜE MUNDO MÁGICO,CENTRO DOS PARCELAMIENTO LA MAQUINA,URBANA,PRIVADO,URBANA_SIN_EVIDENCIA
11-06-0082-46,RETALHULEU,SAN ANDRES VILLA SECA,LICEO TÉCNICO MAQUINENSE LITECMA,FAJA NO.9 LADO SAMALA,RURAL,PRIVADO,SIN_TOKENS
11-06-0086-46,RETALHULEU,SAN ANDRES VILLA SECA,COLEGIO SAN ANDRÉS VILLA SECA,LINEA C-4 SIS PARCELAMIENTO LA MAQUINA,URBANA,PRIVADO,URBANA_SIN_EVIDENCIA
11-06-1410-46,RETALHULEU,SAN ANDRES VILLA SECA,INSTITUTO DIVERSIFICADO POR COOPERATIVA,"CENTRO URBANO NO. 2 LA MAQUINA, SAN ANDRES VILLA SECA, RETALHULEU",RURAL,COOPERATIVA,RURAL_SOLO_TOKENS_URBANOS
11-06-1469-46,RETALHULEU,SAN ANDRES VILLA SECA,COLEGIO CIENTIFICO INDUSTRIAL EL TRIUNFO,ENTRADA PRINCIPAL CENTRO 2 LA MAQUINA,URBANA,PRIVADO,SIN_TOKENS
11-06-1470-46,RETALHULEU,SAN ANDRES VILLA SECA,COLEGIO CIENTIFICO INDUSTRIAL EL TRIUNFO,ENTRADA PRINCIPAL DEL CENTRO 2 LA MAQUINA,URBANA,PRIVADO,SIN_TOKENS
11-08-1107-46,RETALHULEU,NUEVO SAN CARLOS,INSTITUTO DIVERSIFICADO POR COOPERATIVA NUEVO SAN CARLOS,ALDEA MORAZÁN,URBANA,COOPERATIVA,URBANA_SIN_EVIDENCIA
11-08-1354-46,RETALHULEU,NUEVO SAN CARLOS,ESCUELA NORMAL INTERCULTURAL,A UN COSTADO DE SALON MUNICIPAL,URBANA,OFICIAL,SIN_TOKENS
11-09-0041-46,RETALHULEU,EL ASINTAL,COLEGIO MIXTO ADVENTISTA EL XAB,"KILOMETRO 197.5 RUTA 6W, ALDEA XAB",URBANA,PRIVADO,URBANA_KM_SIN_CONTEXTO
11-09-0078-46,RETALHULEU,EL ASINTAL,CENTRO EDUCATIVO NUEVO AMANECER,ALDEA SIBANÁ,URBANA,PRIVADO,URBANA_SIN_EVIDENCIA
11-09-0095-46,RETALHULEU,EL ASINTAL,CENTRO EDUCATIVO NUEVO AMANECER,ALDEA SIBANA,URBANA,PRIVADO,URBANA_SIN_EVIDENCIA
03-01-0020-45,SACATEPEQUEZ,ANTIGUA GUATEMALA,NUCLEOS FAMILIARES EDUCATIVOS PARA EL DESARROLLO NUFED,SAN BARTOLEME BECERRA,RURAL,OFICIAL,SIN_TOKENS
03-01-0055-45,SACATEPEQUEZ,ANTIGUA GUATEMALA,INEB LICEO ROSALES,KM. 46.3 CARRETERA A CIUDAD VIEJA,URBANA,PRIVADO,URBANA_KM_SIN_CONTEXTO
03-01-0059-45,SACATEPEQUEZ,ANTIGUA GUATEMALA,IEEB,KILOMETRO 2.5 CARRETERA A SAN JUAN EL OBISPO Y SANTA MARIA DE JESUS FINCA PRIMAVERA NO. 1,URBANA,OFICIAL,URBANA_KM_SIN_CONTEXTO
03-01-0061-45,SACATEPEQUEZ,ANTIGUA GUATEMALA,INEBE ANTONIO LARRAZABAL,KILOMETRO 2.5 CARRETERA A SAN JUAN EL OBISPO Y SANTA MARIA DE JESUS FINCA PRIMAVERA NO. 1,URBANA,OFICIAL,URBANA_KM_SIN_CONTEXTO
03-01-0063-45,SACATEPEQUEZ,ANTIGUA GUATEMALA,COLEGIO MIXTO SANTIAGO DE LOS CABALLEROS,"LOTIFICACION SAN PEDRO PANORAMA, LOTES 67,68 Y 69",URBANA,PRIVADO,URBANA_SIN_EVIDENCIA
03-01-0173-45,SACATEPEQUEZ,ANTIGUA GUATEMALA,ANTIGUA VERDE,S/N FINCA AZOTEA,URBANA,PRIVADO,URBANA_SIN_EVIDENCIA
03-01-0216-45,SACATEPEQUEZ,ANTIGUA GUATEMALA,CENTRO EDUCATIVO BRILLO DE SOL,ALDEA SAN GASPAR VIVAR CASA NO. 1,URBANA,PRIVADO,URBANA_SIN_EVIDENCIA
03-01-0234-45,SACATEPEQUEZ,ANTIGUA GUATEMALA,CEEX DEPARTAMENTAL,6A. AVE. NORTE NO. 80,URBANA,OFICIAL,SIN_TOKENS
03-01-0256-45,SACATEPEQUEZ,ANTIGUA GUATEMALA,INSTITUTO DE COMPUTACION INFORMATICA,KILOMETRO 1.5CARRETERA A CIUDAD VIEJA,URBANA,PRIVADO,URBANA_KM_SIN_CONTEXTO
03-01-0995-45,SACATEPEQUEZ,ANTIGUA GUATEMALA,CENTRO EDUCATIVO EL VALLE,LOTIFICACION SANTIAGO DE LOS CABALLEROS N-6,URBANA,PRIVADO,SIN_TOKENS
03-01-1137-45,SACATEPEQUEZ,ANTIGUA GUATEMALA,COLEGIO BELEN,PLAZUELA BELEN,URBANA,PRIVADO,SIN_TOKENS
03-01-1155-45,SACATEPEQUEZ,ANTIGUA GUATEMALA,INSTITUTO DE COMPUTACION INFORMATICA,KILOMETRO 1.5 CARRETERA A CIUDAD VIEJA,URBANA,PRIVADO,URBANA_KM_SIN_CONTEXTO
03-03-0030-45,SACATEPEQUEZ,PASTORES,COLEGIO CRISTIANO AVIVANDO EL FUEGO,COLONIA LOS PLANOS EL MIRADOR CAMINO VIEJO,RURAL,PRIVADO,RURAL_SOLO_TOKENS_URBANOS
03-03-0034-45,SACATEPEQUEZ,PASTORES,NUCLEO FAMILIAR EDUCATIVO PARA EL DESARROLLO -NUFED NO. 417,SAN LUIS PUEBLO NUEVO,RURAL,OFICIAL,SIN_TOKENS
03-03-0096-45,SACATEPEQUEZ,PASTORES,IEBC DE ENSEÑANZA,PASTORES,URBANA,COOPERATIVA,LONGITUD_INSUFICIENTE
03-04-0044-45,SACATEPEQUEZ,SUMPANGO,"CENTRO EDUCATIVO SHALOM ""PAZ CONTIGO""","KM. 40.00 CARRETERA INTERAMERICANA LOTE NO. 1 SECTOR ""CHIPONQUIN""",URBANA,PRIVADO,URBANA_KM_SIN_CONTEXTO
03-06-1369-45,SACATEPEQUEZ,SANTIAGO SACATEPEQUEZ,INSTITUTO MIXTO LOMA LINDA,SANTIAGO SACATEPEQUEZ,URBANA,PRIVADO,SIN_TOKENS
03-07-1140-45,SACATEPEQUEZ,SAN BARTOLOME MILPAS ALTAS,COLEGIO CRISTIANO MIXTO 'ALELUYA',KM. 32 CARRETERA INTERAMERICANA,URBANA,PRIVADO,URBANA_KM_SIN_CONTEXTO
03-08-0002-45,SACATEPEQUEZ,SAN LUCAS SACATEPEQUEZ,COLEGIO BILINGUE SAN LUCAS,LOTE 10 JARDINES DE SAN LUCAS II,URBANA,PRIVADO,URBANA_SIN_EVIDENCIA
03-08-0007-45,SACATEPEQUEZ,SAN LUCAS SACATEPEQUEZ,COLEGIO VALLE AMERICANO,"JARDINES DE SAN LUCAS 4, GRANJA LAS AMERICAS",URBANA,PRIVADO,SIN_TOKENS
03-08-0009-45,SACATEPEQUEZ,SAN LUCAS SACATEPEQUEZ,INEB,KM. 28.5 CARRETERA INTERAMERICANA,URBANA,OFICIAL,URBANA_KM_SIN_CONTEXTO
03-08-0013-45,SACATEPEQUEZ,SAN LUCAS SACATEPEQUEZ,COLEGIO SAN JERONIMO EMILIANI,JARDINES DE SAN LUCAS,URBANA,PRIVADO,SIN_TOKENS
03-08-0037-45,SACATEPEQUEZ,SAN LUCAS SACATEPEQUEZ,COLEGIO APRENDIENDO A CRECER,LOTE 50 JARDINES DE SAN LUCAS 2,URBANA,PRIVADO,URBANA_SIN_EVIDENCIA
03-08-0922-45,SACATEPEQUEZ,SAN LUCAS SACATEPEQUEZ,INSTITUTO MIXTO POR COOPERATIVA DE ENSEÑANZA,KM. 28.5 CARRERETA INTERAMERICANA SAN LUCAS,URBANA,COOPERATIVA,URBANA_KM_SIN_CONTEXTO
03-09-0004-45,SACATEPEQUEZ,SANTA LUCIA MILPAS ALTAS,INEB,SANTO TOMAS MILPAS ALTAS,RURAL,OFICIAL,SIN_TOKENS
03-09-0926-45,SACATEPEQUEZ,SANTA LUCIA MILPAS ALTAS,COLEGIO CRISTIANO SABER Y GRACIA,3ERA CALLE CALLEJON I 3-09 ZONA 2 SANTO TOMAS MILPAS ALTAS,RURAL,PRIVADO,RURAL_CON_ZONA_NUM
03-09-0927-45,SACATEPEQUEZ,SANTA LUCIA MILPAS ALTAS,INSTITUTO DE EDUCACION BASICA POR COOPERATIVA,SANTA LUCIA MILPAS ALTAS,URBANA,COOPERATIVA,SIN_TOKENS
03-10-0018-45,SACATEPEQUEZ,MAGDALENA MILPAS ALTAS,CENTRO DE EDUCACION EXTRAESCOLAR-CEEX-LOVE GUATEMALA,1A. CALLE F-25 COLONIA VISTA HERMOSA ZONA 5,RURAL,OFICIAL,RURAL_CON_ZONA_NUM
03-10-0167-45,SACATEPEQUEZ,MAGDALENA MILPAS ALTAS,IEBC DE ENSEÑANZA,MAGDALENA MILPAS ALTAS,URBANA,COOPERATIVA,SIN_TOKENS
03-11-0003-45,SACATEPEQUEZ,SANTA MARIA DE JESUS,INEB,CANTON SEGUNDO,URBANA,OFICIAL,URBANA_SIN_EVIDENCIA
03-11-0020-45,SACATEPEQUEZ,SANTA MARIA DE JESUS,ESCUELA KEMNAOJ,TERCER CANTON NO. 3 -357,URBANA,PRIVADO,URBANA_SIN_EVIDENCIA
03-11-0023-45,SACATEPEQUEZ,SANTA MARIA DE JESUS,CENTRO EDUCATIVO JARDIN DE AMOR,"4TO. CANTON, CASA NO. 4-747 ""A""",URBANA,PRIVADO,URBANA_SIN_EVIDENCIA
03-11-0028-45,SACATEPEQUEZ,SANTA MARIA DE JESUS,CENTRO EDUCATIVO DE NIÑAS PROXIMOS PASOS,TERCER CANTON 3-822,URBANA,PRIVADO,URBANA_SIN_EVIDENCIA
03-12-0047-45,SACATEPEQUEZ,CIUDAD VIEJA,COLEGIO ANTIGUA INTERNATIONAL SCHOOL,KILOMETRO 74.8 RUTA NACIONAL 14,URBANA,PRIVADO,URBANA_KM_SIN_CONTEXTO
03-12-0072-45,SACATEPEQUEZ,CIUDAD VIEJA,INSTITUTO TECNICO EMPRESARIAL,KILOMETRO 81 RN-14,URBANA,PRIVADO,URBANA_KM_SIN_CONTEXTO
03-12-0088-45,SACATEPEQUEZ,CIUDAD VIEJA,CENTRO EDUCATIVO ANTIGUA MONTESSORI,KILOMETRO 52,URBANA,PRIVADO,URBANA_KM_SIN_CONTEXTO
03-12-1187-45,SACATEPEQUEZ,CIUDAD VIEJA,COLEGIO BOSTON,CARRETERA PRINCIPAL A SAN LORENZO EL CUBO,RURAL,PRIVADO,SIN_TOKENS
03-12-1352-45,SACATEPEQUEZ,CIUDAD VIEJA,NUCLEO FAMILIAR EDUCATIVO PARA EL DESARROLLO NUFED NO. 407,6A. CALLE 2-22 ZONA 6,RURAL,OFICIAL,RURAL_CON_ZONA_NUM
03-14-0005-45,SACATEPEQUEZ,ALOTENANGO,INEB,CUARTO CANTON,URBANA,OFICIAL,URBANA_SIN_EVIDENCIA
03-14-1366-45,SACATEPEQUEZ,ALOTENANGO,COLEGIO INMACULADA,PRIMER CANTON,URBANA,PRIVADO,URBANA_SIN_EVIDENCIA
03-01-0059-46,SACATEPEQUEZ,ANTIGUA GUATEMALA,INSTITUTO NORMAL PARA VARONES ANTONIO LARRAZABAL,FINCA LA PRIMAVERA SALIDA A SANTA MARIA DE JESUS KM.2,URBANA,OFICIAL,URBANA_KM_SIN_CONTEXTO
03-01-0120-46,SACATEPEQUEZ,ANTIGUA GUATEMALA,COLEGIO BELEN,PLAZUELA BELEN,URBANA,PRIVADO,SIN_TOKENS
03-01-0156-46,SACATEPEQUEZ,ANTIGUA GUATEMALA,INSTITUTO INDIGENA NUESTRA SEÑORA DEL SOCORRO,PLAZUELA DE BELEN,URBANA,PRIVADO,SIN_TOKENS
03-01-0187-46,SACATEPEQUEZ,ANTIGUA GUATEMALA,LICEO ROSALES,KM. 46.3 CARRETERA A CIUDAD VIEJA,URBANA,PRIVADO,URBANA_KM_SIN_CONTEXTO
03-01-0219-46,SACATEPEQUEZ,ANTIGUA GUATEMALA,"PROGRAMA NACIONAL DE EDUCACION ALTERNATIVA, PRONEA",6TA. AVENIDA NORTE NO. 80,RURAL,OFICIAL,RURAL_SOLO_TOKENS_URBANOS
03-01-0233-46,SACATEPEQUEZ,ANTIGUA GUATEMALA,CENTRO DE EDUCACION EXTRAESCOLAR -CEEX- DEPARTAMENTAL,6A. AVENIDA NORTE NO. 80,RURAL,OFICIAL,RURAL_SOLO_TOKENS_URBANOS
03-01-0257-46,SACATEPEQUEZ,ANTIGUA GUATEMALA,INSTITUTO DE COMPUTACION INFORMATICA,KILOMETRO 1.5 CARRETERA A CIUDAD VIEJA,URBANA,PRIVADO,URBANA_KM_SIN_CONTEXTO
03-01-0305-46,SACATEPEQUEZ,ANTIGUA GUATEMALA,COLEGIO MIXTO SANTIAGO DE LOS CABALLEROS,"LOTIFICACION SAN PEDRO PANORAMA, LOTES 67,68 Y 69",URBANA,PRIVADO,URBANA_SIN_EVIDENCIA
03-01-0947-46,SACATEPEQUEZ,ANTIGUA GUATEMALA,COLEGIO ANTIGUA,COLONIA SAN FRANCISCO NO. 10,RURAL,PRIVADO,RURAL_SOLO_TOKENS_URBANOS
03-01-1046-46,SACATEPEQUEZ,ANTIGUA GUATEMALA,CENTRO EDUCATIVO EL VALLE,LOTIFICACION SANTIAGO DE LOS CABALLEROS N.6,URBANA,PRIVADO,SIN_TOKENS
03-01-1189-46,SACATEPEQUEZ,ANTIGUA GUATEMALA,INSTITUTO TECNICO VOCACIONAL DE SACATEPEQUEZ,KM. 1.5 CARRETERA A CIUDAD VIEJA CASA NO. 3,URBANA,PRIVADO,URBANA_KM_SIN_CONTEXTO
03-01-1231-46,SACATEPEQUEZ,ANTIGUA GUATEMALA,ESCUELA NORMAL DE EDUCACION FISICA,SALIDA A SANTA MARIA DE JESUS KILOMETRO 2,URBANA,OFICIAL,URBANA_KM_SIN_CONTEXTO
03-01-1293-46,SACATEPEQUEZ,ANTIGUA GUATEMALA,INSTITUTO DE COMPUTACION INFORMATICA,KILOMETRO 1.5 CARRETERA A CIUDAD VIEJA,URBANA,PRIVADO,URBANA_KM_SIN_CONTEXTO
03-03-0032-46,SACATEPEQUEZ,PASTORES,COLEGIO CRISTIANO AVIVANDO EL FUEGO,"LOS PLANES DE PASTORES, COLONIA EL TIZATE ZONA 0",RURAL,PRIVADO,RURAL_CON_ZONA_NUM
03-04-0048-46,SACATEPEQUEZ,SUMPANGO,"CENTRO EDUCATIVO SHALOM ""PAZ CONTIGO""","KM. 40.00 CARRETERA INTERAMERICANA LOTE NO. 1 SECTOR ""CHIPONQUIN""",URBANA,PRIVADO,URBANA_KM_SIN_CONTEXTO
03-06-1375-46,SACATEPEQUEZ,SANTIAGO SACATEPEQUEZ,INSTITUTO MIXTO LOMA LINDA,SANTIAGO SACATEPEQUEZ,URBANA,PRIVADO,SIN_TOKENS
03-07-0022-46,SACATEPEQUEZ,SAN BARTOLOME MILPAS ALTAS,COLEGIO CRISTIANO MIXTO ALELUYA,KILOMETRO 32 CARRETERA INTERAMERICANA,URBANA,PRIVADO,URBANA_KM_SIN_CONTEXTO
03-08-0001-46,SACATEPEQUEZ,SAN LUCAS SACATEPEQUEZ,COLEGIO BILINGUE SAN LUCAS,LOTE 10 JARDINES DE SAN LUCAS II,URBANA,PRIVADO,URBANA_SIN_EVIDENCIA
03-08-0017-46,SACATEPEQUEZ,SAN LUCAS SACATEPEQUEZ,COLEGIO VALLE AMERICANO,LOTE 11 GRANJA LAS AMERICAS JARDINES DE SAN LUCAS 4,URBANA,PRIVADO,URBANA_SIN_EVIDENCIA
03-08-0046-46,SACATEPEQUEZ,SAN LUCAS SACATEPEQUEZ,COLEGIO APRENDIENDO A CRECER,LOTE 50 JARDINES DE SAN LUCAS 2,URBANA,PRIVADO,URBANA_SIN_EVIDENCIA
03-08-0923-46,SACATEPEQUEZ,SAN LUCAS SACATEPEQUEZ,INSTITUTO MIXTO POR COOPERATIVA DE ENSEÑANZA,KM.28.5 CARRETERA INTERAMERICANA SAN LUCAS,URBANA,COOPERATIVA,URBANA_KM_SIN_CONTEXTO
03-10-0015-46,SACATEPEQUEZ,MAGDALENA MILPAS ALTAS,LOVE GUATEMALA,1A CALLE F-25 COLONIA VISTA HERMOSA ZONA 5,RURAL,OFICIAL,RURAL_CON_ZONA_NUM
03-11-0007-46,SACATEPEQUEZ,SANTA MARIA DE JESUS,INSTITUTO NACIONAL DE EDUCACION DIVERSIFICADA,PRIMER CANTON PLAZUELA,URBANA,OFICIAL,URBANA_SIN_EVIDENCIA
03-11-0029-46,SACATEPEQUEZ,SANTA MARIA DE JESUS,CENTRO EDUCATIVO DE NIÑAS PROXIMOS PASOS,TERCER CANTON 3-822,URBANA,PRIVADO,URBANA_SIN_EVIDENCIA
03-11-0030-46,SACATEPEQUEZ,SANTA MARIA DE JESUS,COLEGIO TRAVESIA DE CONOCIMIENTOS,PRIMER CANTON 1-232,URBANA,PRIVADO,URBANA_SIN_EVIDENCIA
03-11-0031-46,SACATEPEQUEZ,SANTA MARIA DE JESUS,COLEGIO TRAVESIA DE CONOCIMIENTOS,PRIMER CANTON 1-232,URBANA,PRIVADO,URBANA_SIN_EVIDENCIA
03-12-0054-46,SACATEPEQUEZ,CIUDAD VIEJA,COLEGIO ANTIGUA INTERNATIONAL SCHOOL,KILOMETRO 74.8 RUTA NACIONAL 14,URBANA,PRIVADO,URBANA_KM_SIN_CONTEXTO
03-12-0073-46,SACATEPEQUEZ,CIUDAD VIEJA,INSTITUTO TECNICO EMPRESARIAL,KILOMETRO 81 RN-14,URBANA,PRIVADO,URBANA_KM_SIN_CONTEXTO
03-12-0074-46,SACATEPEQUEZ,CIUDAD VIEJA,INSTITUTO TECNICO EMPRESARIAL,KILOMETRO 81 RN-14,URBANA,PRIVADO,URBANA_KM_SIN_CONTEXTO
03-12-0108-46,SACATEPEQUEZ,CIUDAD VIEJA,INSTITUTO TECNICO EMPRESARIAL,RUTA NACIONAL 14 KM 81,URBANA,PRIVADO,URBANA_KM_SIN_CONTEXTO
03-12-0109-46,SACATEPEQUEZ,CIUDAD VIEJA,INSTITUTO TECNICO EMPRESARIAL,KILOMETRO 81 RN-14,URBANA,PRIVADO,URBANA_KM_SIN_CONTEXTO
03-12-0110-46,SACATEPEQUEZ,CIUDAD VIEJA,INSTITUTO TECNICO EMPRESARIAL,KILOMETRO 81 RN-14,URBANA,PRIVADO,URBANA_KM_SIN_CONTEXTO
03-12-1188-46,SACATEPEQUEZ,CIUDAD VIEJA,COLEGIO BOSTON,CARRETERA PRINCIPAL A SAN LORENZO,RURAL,PRIVADO,SIN_TOKENS
03-14-0006-46,SACATEPEQUEZ,ALOTENANGO,INSTITUTO NACIONAL DE EDUCACION DIVERSIFICADA,CUARTO CANTON,URBANA,OFICIAL,URBANA_SIN_EVIDENCIA
03-14-0033-46,SACATEPEQUEZ,ALOTENANGO,LICEO EVANGELICO INDISPENSABLE,PRIMER CANTON,URBANA,PRIVADO,URBANA_SIN_EVIDENCIA
12-03-0136-45,SAN MARCOS,SAN ANTONIO SACATEPEQUEZ,IEBC DE ENSEÑANZA 'LIC. ANGEL G. ARREAGA B.',NAN,URBANA,COOPERATIVA,LONGITUD_INSUFICIENTE
12-05-0035-45,SAN MARCOS,SAN MIGUEL IXTAHUACAN,INEB,CABECERA MUNICIPAL,RURAL,OFICIAL,RURAL_SOLO_TOKENS_URBANOS
12-07-0387-45,SAN MARCOS,TACANA,IEBC DE ENSEÑANZA,CABECERA MUNICIPAL,RURAL,COOPERATIVA,RURAL_SOLO_TOKENS_URBANOS
12-08-0026-45,SAN MARCOS,SIBINAL,INEB,CABECERA MUNICIPAL,RURAL,OFICIAL,RURAL_SOLO_TOKENS_URBANOS
12-08-0404-45,SAN MARCOS,SIBINAL,INEB POR COOPERATIVA,SIBINAL,URBANA,COOPERATIVA,LONGITUD_INSUFICIENTE
12-09-0164-45,SAN MARCOS,TAJUMULCO,CENTRO DE EDCACIÓN EXTRAESCOLAR_CEEX_,TAJUMULCO,URBANA,PRIVADO,LONGITUD_INSUFICIENTE
12-10-5269-45,SAN MARCOS,TEJUTLA,INSTITUTO MIXTO DE EDUCACION BASICA POR COOPERATIVA DE ENSEÑANZA,ALDEA EL HORIZONTE,URBANA,COOPERATIVA,URBANA_SIN_EVIDENCIA
12-11-0524-45,SAN MARCOS,SAN RAFAEL PIE DE LA CUESTA,INSTITUTO NACIONAL MIXTO DE EDUCACION BASICA,SAN RAFAEL PIE DE LA CUESTA,URBANA,OFICIAL,SIN_TOKENS
12-12-0094-45,SAN MARCOS,NUEVO PROGRESO,CENTRO DE EDCACIÓN EXTRAESCOLAR-CEEX-,NUEVO PROGRESO,URBANA,PRIVADO,SIN_TOKENS
12-13-5013-45,SAN MARCOS,EL TUMBADOR,COLEGIO CATOLICO LOS SANTOS REYES,COLONIA SAN ANTONIO,RURAL,PRIVADO,RURAL_SOLO_TOKENS_URBANOS
12-14-0645-45,SAN MARCOS,SAN JOSE EL RODEO,INEB CON ORIENTACION AGRICOLA,-,URBANA,OFICIAL,LONGITUD_INSUFICIENTE
12-15-0031-45,SAN MARCOS,MALACATAN,INEB,COLONIA EL MAESTRO,RURAL,OFICIAL,RURAL_SOLO_TOKENS_URBANOS
12-15-0053-45,SAN MARCOS,MALACATAN,LICEO ESPAÑOL,CANTÓN SAN SEBASTIÁN,URBANA,PRIVADO,URBANA_SIN_EVIDENCIA
12-15-0060-45,SAN MARCOS,MALACATAN,CENTRO PRIVADO DE ESTUDIOS SUPERACION,CANTON MORAZAN,URBANA,PRIVADO,URBANA_SIN_EVIDENCIA
12-15-0070-45,SAN MARCOS,MALACATAN,LICEO ESPAÑOL,CANTÓN SAN SEBASTIÁN,URBANA,PRIVADO,URBANA_SIN_EVIDENCIA
12-15-0108-45,SAN MARCOS,MALACATAN,INSTITUTO NACIONAL DE EDUCACION BASICA,CASERIO VILLA NUEVA,URBANA,OFICIAL,URBANA_SIN_EVIDENCIA
12-16-0035-45,SAN MARCOS,CATARINA,"INSTITUTO TECNOLÓGICO ""CATARINA""",CATARINA,URBANA,PRIVADO,LONGITUD_INSUFICIENTE
12-17-0016-45,SAN MARCOS,AYUTLA,INEB,COLONIA LA VERDE,RURAL,OFICIAL,RURAL_SOLO_TOKENS_URBANOS
12-17-0018-45,SAN MARCOS,AYUTLA,INEB,ALDEA ZANJON SAN LORENZO,URBANA,OFICIAL,URBANA_SIN_EVIDENCIA
12-17-0049-45,SAN MARCOS,AYUTLA,"INSTITUTO PARTICULAR MIXTO ""TECÚN UMÁN""",KILOMETROS 252 CARRETERA INTERAMERICANA,URBANA,PRIVADO,URBANA_SIN_EVIDENCIA
12-17-0794-45,SAN MARCOS,AYUTLA,IEBC DE ENSEÑANZA,CIUDAD TECUN UMAN,URBANA,COOPERATIVA,SIN_TOKENS
12-18-0827-45,SAN MARCOS,OCOS,IEBC,NAN,RURAL,COOPERATIVA,LONGITUD_INSUFICIENTE
12-19-1064-45,SAN MARCOS,SAN PABLO,IEBC DE ENSEÑANZA 'LA CIENCIA',-,URBANA,COOPERATIVA,LONGITUD_INSUFICIENTE
12-20-0853-45,SAN MARCOS,EL QUETZAL,IPMB 'ONA',FINCA ONA,RURAL,PRIVADO,LONGITUD_INSUFICIENTE
12-21-0883-45,SAN MARCOS,LA REFORMA,IEBC DE ENSEÑANZA,LA REFORMA SAN MARCOS,URBANA,COOPERATIVA,SIN_TOKENS
12-22-0007-45,SAN MARCOS,PAJAPITA,INSTITUTO NACIONAL DE EDUCACION BÁSICA,MODULO NO. 4 DEL COMPLEJO EDUCATIVO,URBANA,OFICIAL,SIN_TOKENS
12-22-0013-45,SAN MARCOS,PAJAPITA,COLEGIO EVANGELICO PRIVADO MIXTO NUEVA VIDA,CANTON FERROCARRIL,URBANA,PRIVADO,URBANA_SIN_EVIDENCIA
12-22-0033-45,SAN MARCOS,PAJAPITA,"COLEGIO PARTICULAR MIXTO ""LICEO JUAN DIEGO""",CARRETERA ANTIGUA AL TUMBADOR,URBANA,PRIVADO,SIN_TOKENS
12-22-5267-45,SAN MARCOS,PAJAPITA,COLEGIO PARROQUIAL INMACULADA CONCEPCION DE MARIA,CANTON FERROCARRIL,URBANA,PRIVADO,URBANA_SIN_EVIDENCIA
12-24-0964-45,SAN MARCOS,SAN JOSE OJETENAM,IEBC DE ENSEÑANZA,NAN,URBANA,COOPERATIVA,LONGITUD_INSUFICIENTE
12-25-0015-45,SAN MARCOS,SAN CRISTOBAL CUCHO,INSTITUTO NACIONAL DE EDUCACIÓN BÁSICA,"SECTOR BAJO, CANTÓN LA ESPERANZA",URBANA,OFICIAL,URBANA_SIN_EVIDENCIA
12-26-0072-45,SAN MARCOS,SIPACAPA,CENTRO DE EDUCACIÓN EXTRAESCOLAR-CEEX-,SIPACAPA,URBANA,PRIVADO,LONGITUD_INSUFICIENTE
12-28-1018-45,SAN MARCOS,RIO BLANCO,INSTITUTO DE EDUCACION BASICA POR EL SISTEMA DE COOPERATIVA DE ENSEÑANZA,RIO BLANCO,URBANA,COOPERATIVA,SIN_TOKENS
12-29-0025-45,SAN MARCOS,SAN LORENZO,INSTITUTO TECNOLOGICO PRIVADO MIXTO EVANGELICO SUNESIS,SAN LORENZO,URBANA,PRIVADO,SIN_TOKENS
12-03-0018-46,SAN MARCOS,SAN ANTONIO SACATEPEQUEZ,INSTITUTO NACIONAL DE EDUCACION DIVERSIFICADA,SAN ANTONIO SACATEPEQUEZ SAN ANTONIO SACATEPEQUEZ,URBANA,OFICIAL,SIN_TOKENS
12-04-0078-46,SAN MARCOS,COMITANCILLO,INSTITUTO NACIONAL DE EDUCACION DIVERSIFICADA,10A. CALLE 1-150 ZONA 3,RURAL,OFICIAL,RURAL_CON_ZONA_NUM
12-05-0101-46,SAN MARCOS,SAN MIGUEL IXTAHUACAN,CENTRO DE EDCACIÓN EXTRAESCOLAR-CEEX-,SAN MIGUEL IXTAHUACÁN,URBANA,PRIVADO,SIN_TOKENS
12-06-0098-46,SAN MARCOS,CONCEPCION TUTUAPA,INSTITUTO TECNOLOGICO PARTICULAR MIXTO CONCEPCION,CONCEPCION TUTUAPA CONCEPCIÓN TUTUAPA,URBANA,PRIVADO,SIN_TOKENS
12-06-4141-46,SAN MARCOS,CONCEPCION TUTUAPA,INSTITUTO DIVERSIFICADO POR COOPERATIVA,CONCEPCION TUTUAPA CONCEPCION TUTUAPA,URBANA,COOPERATIVA,SIN_TOKENS
12-09-0165-46,SAN MARCOS,TAJUMULCO,CENTRO DE EDCACIÓN EXTRAESCOLAR-CEEX-,TAJUMULCO,URBANA,PRIVADO,LONGITUD_INSUFICIENTE
12-11-0042-46,SAN MARCOS,SAN RAFAEL PIE DE LA CUESTA,INSTITUTO NACIONAL DE EDUCACIÓN DIVERSIFICADA,CANTÓN SAN ANDRÉS,URBANA,OFICIAL,URBANA_SIN_EVIDENCIA
12-12-0095-46,SAN MARCOS,NUEVO PROGRESO,CENTRO DE EDCACIÓN EXTRAESCOLAR-CEEX-,NUEVO PROGRESO,URBANA,PRIVADO,SIN_TOKENS
12-15-0054-46,SAN MARCOS,MALACATAN,LICEO ESPAÑOL,CANTÓN SAN SEBASTIÁN,URBANA,PRIVADO,URBANA_SIN_EVIDENCIA
12-15-0056-46,SAN MARCOS,MALACATAN,LICEO ESPAÑOL,CANTÓN SAN SEBASTIÁN,URBANA,PRIVADO,URBANA_SIN_EVIDENCIA
12-15-0073-46,SAN MARCOS,MALACATAN,LICEO ESPAÑOL,CANTÓN SAN SEBASTIÁN,URBANA,PRIVADO,URBANA_SIN_EVIDENCIA
12-16-0031-46,SAN MARCOS,CATARINA,"INSTITUTO TECNOLOGICO ""CATARINA""",CATARINA,URBANA,PRIVADO,LONGITUD_INSUFICIENTE
12-17-0048-46,SAN MARCOS,AYUTLA,LICEO CANADIENSE,"LOTIFICACIÓN AYUTLA, 2A.AVE.",URBANA,PRIVADO,SIN_TOKENS
12-22-0008-46,SAN MARCOS,PAJAPITA,INSTITUTO NACIONAL DE EDUCACION DIVERSIFICADA,COMPLEJO EDUCATIVO,URBANA,OFICIAL,SIN_TOKENS
12-22-5397-46,SAN MARCOS,PAJAPITA,"INSTITUTO TECNOLOGICO ""GERARDI""",COMPLEJO EDUCATIVO 02/01/2007,URBANA,PRIVADO,SIN_TOKENS
12-25-0027-46,SAN MARCOS,SAN CRISTOBAL CUCHO,INSTITUTO NACIONAL DE EDUCACION DIVERSIFICADA,CANTÓN LA ESPERANZA,URBANA,OFICIAL,URBANA_SIN_EVIDENCIA
12-26-0073-46,SAN MARCOS,SIPACAPA,CENTRO DE EDCACIÓN EXTRAESCOLAR-CEEX-,SIPACAPA,URBANA,PRIVADO,LONGITUD_INSUFICIENTE
12-27-0019-46,SAN MARCOS,ESQUIPULAS PALO GORDO,INSTITUTO NACIONAL DE EDUCACION DIVERSIFICADA,ESQUIPULAS PALO GORDO,URBANA,OFICIAL,SIN_TOKENS
12-27-0028-46,SAN MARCOS,ESQUIPULAS PALO GORDO,COLEGIO CRISTIANO GENERACIÓN DEL TERCER MILENIO,CANTÓN BETHANIA,URBANA,PRIVADO,URBANA_SIN_EVIDENCIA
12-27-0029-46,SAN MARCOS,ESQUIPULAS PALO GORDO,COLEGIO CRISTIANO GENERACIÓN DEL TERCER MILENIO,CANTÓN BETHANIA,URBANA,PRIVADO,URBANA_SIN_EVIDENCIA
12-29-0026-46,SAN MARCOS,SAN LORENZO,INSTITUTO TECNOLOGICO PRIVADO MIXTO EVANGELICO SUNESIS,SAN LORENZO,URBANA,PRIVADO,SIN_TOKENS
12-29-0045-46,SAN MARCOS,SAN LORENZO,COLEIO CRISTIANO,SAN CARLO,RURAL,PRIVADO,LONGITUD_INSUFICIENTE
12-29-1152-46,SAN MARCOS,SAN LORENZO,INSTITUTO PRIVADO URBANO MIXTO LIBERACION,SAN LORENZO,URBANA,PRIVADO,SIN_TOKENS
12-29-5026-46,SAN MARCOS,SAN LORENZO,INSTITUTO TECNOLOGICO PRIVADO MIXTO EVANGELICO SUNESIS,SAN LORENZO,URBANA,PRIVADO,SIN_TOKENS
06-01-0115-45,SANTA ROSA,CUILAPA,"CENTRO DE EDUCACIÓN EXTRAESCOLAR ""SANTA ROSITA""",CENTRO PREVENTIVO EL BOQUERON,RURAL,OFICIAL,SIN_TOKENS
06-02-0021-45,SANTA ROSA,BARBERENA,INEB DE TELESECUNDARIA,INSTALACIONES DE LA EORM BARRIO LOS HORNITOS,RURAL,OFICIAL,RURAL_SOLO_TOKENS_URBANOS
06-02-0070-45,SANTA ROSA,BARBERENA,"IPMB COLEGIO MIXTO ""SAN JOSE""",A LA PAR DE LA DIÓCESIS DE SANTA ROSA DE LIMA Y PASTORAL SOCIAL CÁRITAS,URBANA,PRIVADO,SIN_TOKENS
06-02-0447-45,SANTA ROSA,BARBERENA,INEB,KILOMETRO 55 CARRETERA A EL SALVADOR,URBANA,OFICIAL,URBANA_KM_SIN_CONTEXTO
06-02-1789-45,SANTA ROSA,BARBERENA,COLEGIO MIXTO SAN JOSE,"ALDEA UTZUMAZATE, A LA PAR DEL OBISPADO DE LA DIÓCESIS DE SANTA ROSA DELIMA Y PASTORAL SOCIAL CÁRITAS",URBANA,PRIVADO,URBANA_SIN_EVIDENCIA
06-03-0018-45,SANTA ROSA,SANTA ROSA DE LIMA,INEB DE TELESECUNDARIA,LOTIFICACIÓN LA VILLA,RURAL,OFICIAL,SIN_TOKENS
06-04-0056-45,SANTA ROSA,CASILLAS,INEB,CASERIO LINDA VISTA,URBANA,OFICIAL,URBANA_SIN_EVIDENCIA
06-04-0125-45,SANTA ROSA,CASILLAS,IEBC DE ENSEÑANZA,CASERÍO LINDA VISTA,URBANA,COOPERATIVA,URBANA_SIN_EVIDENCIA
06-07-0181-45,SANTA ROSA,SAN JUAN TECUACO,IEBC DE ENSEÑANZA,SAN JUAN TECUACO,URBANA,COOPERATIVA,SIN_TOKENS
06-10-0013-45,SANTA ROSA,SANTA MARIA IXHUATAN,INEB,CANTÓN BUENA VISTA,URBANA,OFICIAL,URBANA_SIN_EVIDENCIA
06-10-0039-45,SANTA ROSA,SANTA MARIA IXHUATAN,"COLEGIO ""NUESTRA SEÑORA DEL CARMEN""",CANTÓN EL CENTRO,URBANA,PRIVADO,URBANA_SIN_EVIDENCIA
06-10-0333-45,SANTA ROSA,SANTA MARIA IXHUATAN,IEBC DE ENSEÑANZA,CANTON BUENA VISTA,URBANA,COOPERATIVA,URBANA_SIN_EVIDENCIA
06-12-0019-45,SANTA ROSA,SANTA CRUZ NARANJO,INEB,CABECERA MUNICIPAL,RURAL,OFICIAL,RURAL_SOLO_TOKENS_URBANOS
06-12-0357-45,SANTA ROSA,SANTA CRUZ NARANJO,IEBC DE ENSEÑANZA,SANTA CRUZ NARANJO,URBANA,COOPERATIVA,SIN_TOKENS
06-14-2007-45,SANTA ROSA,NUEVA SANTA ROSA,INSTITUTO MIXTO DE EDUCACION BASICA POR COOPERATIVA DE ENSEÑANZA,ALDEA EL RIACHUELO,URBANA,COOPERATIVA,URBANA_SIN_EVIDENCIA
06-01-0039-46,SANTA ROSA,CUILAPA,"ESCUELA NACIONAL DE CIENCIAS COMERCIALES ""PROFESOR JORGE HUGO BARILLAS MÉNDEZ",LOTIFICACION BELLA VISTA EL CALVARIO,URBANA,OFICIAL,SIN_TOKENS
06-01-0110-46,SANTA ROSA,CUILAPA,"PROGRAMA NACIONAL DE EDUCACIÓN ALTERNATIVA, PRONEA","4A. CALLE 2-55 ZONA 4, BARRIO EL LLANITO, CUILAPA, SANTA ROSA",RURAL,OFICIAL,RURAL_CON_ZONA_NUM
06-06-0016-46,SANTA ROSA,ORATORIO,INSTITUTO NACIONAL DE EDUCACIÓN DIVERSIFICADA,ALDEA EL MANGÓN,URBANA,OFICIAL,URBANA_SIN_EVIDENCIA
06-06-1928-46,SANTA ROSA,ORATORIO,COLEGIO PARTICULAR MIXTO BILINGUE VILLA REAL,ORATORIO,URBANA,PRIVADO,LONGITUD_INSUFICIENTE
06-10-0022-46,SANTA ROSA,SANTA MARIA IXHUATAN,INSTITUTO NACIONAL DE EDUCACION DIVERSIFICADA,CANTÓN BUENA VISTA,URBANA,OFICIAL,URBANA_SIN_EVIDENCIA
06-10-0040-46,SANTA ROSA,SANTA MARIA IXHUATAN,"COLEGIO ""NUESTRA SEÑORA DEL CARMEN""",CANTÓN EL CENTRO,URBANA,PRIVADO,URBANA_SIN_EVIDENCIA
06-11-0022-46,SANTA ROSA,GUAZACAPAN,INSTITUTO NACIONAL DE EDUCACION DIVERSIFICADA,BARRIO SAN MIGUEL ORIENTE (ENTRADA A LA COLONIA LOS ALMENDROS),RURAL,OFICIAL,RURAL_SOLO_TOKENS_URBANOS
06-13-1811-46,SANTA ROSA,PUEBLO NUEVO VIÑAS,LICEO PARTICULAR MIXTO 'SAN ANTONIO',NAN,URBANA,PRIVADO,LONGITUD_INSUFICIENTE
07-01-0001-45,SOLOLA,SOLOLA,"LICEO TECNOLOGICO BILINGUE ""CUAUHTEMALLAN DE SOLOLA""","CASERÍO CAYALÁ, ALDEA EL TABLÓN",URBANA,PRIVADO,URBANA_SIN_EVIDENCIA
07-01-0062-45,SOLOLA,SOLOLA,INSTITUTO TECNOLOGICO DE LA UNIVERSIDAD DEL VALLE DE GUATEMALA,KM. 137,RURAL,PRIVADO,LONGITUD_INSUFICIENTE
07-01-0122-45,SOLOLA,SOLOLA,"LICEO TECNOLOGICO BILINGUE ""CUAUHTEMALLAN DE SOLOLÁ""","CASERÍO CAYALÁ, ALDEA EL TABLÓN",URBANA,PRIVADO,URBANA_SIN_EVIDENCIA
07-01-0201-45,SOLOLA,SOLOLA,"LICEO TECNOLÓGICO BILINGÜE ""CUAUHTEMALLAN DE SOLOLÁ""","CASERÍO CAYALÁ, ALDEA EL TABLÓN",URBANA,PRIVADO,URBANA_SIN_EVIDENCIA
07-03-0001-45,SOLOLA,SANTA MARIA VISITACION,INSTITUTO NACIONAL DE EDUCACIÓN BÁSICA,SECTOR SUR,URBANA,OFICIAL,URBANA_SIN_EVIDENCIA
07-06-0073-45,SOLOLA,SANTA CATARINA IXTAHUACAN,INSTITUTO MIXTO DE EDUCACION BASICA POR COOPERATIVA AQ AB AL,ANTIGUA SANTA CATARINA IXTAHUACAN,RURAL,COOPERATIVA,SIN_TOKENS
07-06-2982-45,SOLOLA,SANTA CATARINA IXTAHUACAN,INSTITUTO DE EDUCACIÓN BÁSICA DEL PROGRAMA NUFED N. 33,NUEVA SANTA CATARINA IXTAHUACÁN,URBANA,OFICIAL,SIN_TOKENS
07-07-0246-45,SOLOLA,SANTA CLARA LA LAGUNA,IEBC DE ENSEÑANZA,SANTA CLARA LA LAGUNA,URBANA,COOPERATIVA,SIN_TOKENS
07-08-0008-45,SOLOLA,CONCEPCION,"INEB ""LA ESPERANZA""",SECTOR CHUICAMPANER,URBANA,OFICIAL,URBANA_SIN_EVIDENCIA
07-09-0267-45,SOLOLA,SAN ANDRES SEMETABAJ,IEBC,NAN,URBANA,COOPERATIVA,LONGITUD_INSUFICIENTE
07-10-0044-45,SOLOLA,PANAJACHEL,COLEGIO POR MADUREZ TIJAX,02/01/2023,URBANA,PRIVADO,SIN_TOKENS
07-10-2485-45,SOLOLA,PANAJACHEL,COLEGIO PRIVADO TECHNICIENCIA DEL LAGO,PANAJACHEL,URBANA,PRIVADO,SIN_TOKENS
07-10-2954-45,SOLOLA,PANAJACHEL,INSTITUTO MIXTO DE EDUCACION BASICA POR COOPERATIVA INSBAJUCA,BARRIO JUCANYA,RURAL,COOPERATIVA,RURAL_SOLO_TOKENS_URBANOS
07-11-2802-45,SOLOLA,SANTA CATARINA PALOPO,"IEBC ""SANTA CATARINA""",SECTOR CHINIMAYÁ,URBANA,COOPERATIVA,URBANA_SIN_EVIDENCIA
07-12-0001-45,SOLOLA,SAN ANTONIO PALOPO,INEB,SAN ANTONIO PALOPO,URBANA,OFICIAL,SIN_TOKENS
07-13-0001-45,SOLOLA,SAN LUCAS TOLIMAN,INSTITUTO NACIONAL DE EDUCACION BASICA TELESECUNDARIA SCHOFFER GOGGIN,COLONIA EL PORVENIR,RURAL,OFICIAL,RURAL_SOLO_TOKENS_URBANOS
07-13-0018-45,SOLOLA,SAN LUCAS TOLIMAN,INEB DE TELESECUNDARIA,COLONIA XEJUYUP,RURAL,OFICIAL,RURAL_SOLO_TOKENS_URBANOS
07-13-0554-45,SOLOLA,SAN LUCAS TOLIMAN,IPMB 'EVANGELICO SINAHI',SAN LUCAS TOLIMAN,URBANA,PRIVADO,SIN_TOKENS
07-14-0002-45,SOLOLA,SANTA CRUZ LA LAGUNA,INEB,SANTA CRUZ LA LAGUNA,URBANA,OFICIAL,SIN_TOKENS
07-15-0344-45,SOLOLA,SAN PABLO LA LAGUNA,INSTITUTO DE EDUCACIÓN BÁSICA POR COOPERATIVA,SOLOLA,URBANA,COOPERATIVA,LONGITUD_INSUFICIENTE
07-16-2479-45,SOLOLA,SAN MARCOS LA LAGUNA,IEBC,SOLOLA,URBANA,COOPERATIVA,LONGITUD_INSUFICIENTE
07-17-0001-45,SOLOLA,SAN JUAN LA LAGUNA,"COLEGIO CRISTIANO ""NUEVO AMANECER""",CANTÓN CHINIMAYÁ,URBANA,PRIVADO,URBANA_SIN_EVIDENCIA
07-17-0356-45,SOLOLA,SAN JUAN LA LAGUNA,IEBC DE ENSEÑANZA,.,URBANA,COOPERATIVA,LONGITUD_INSUFICIENTE
07-17-2573-45,SOLOLA,SAN JUAN LA LAGUNA,INSTITUTO DE EDUCACIÓN BÁSICA POR COOPERATIVA,CANTÓN TZANJUYU,URBANA,COOPERATIVA,URBANA_SIN_EVIDENCIA
07-18-0368-45,SOLOLA,SAN PEDRO LA LAGUNA,IEBC,SAN PEDRO LA LAGUNA,URBANA,COOPERATIVA,SIN_TOKENS
07-19-0017-45,SOLOLA,SANTIAGO ATITLAN,INSTITUTO MIXTO DE EDUCACION BASICA POR COOPERATIVA DE ENSEÑANZA DEL CANTON TZANJUYU,CANTON TZANJUYU,URBANA,COOPERATIVA,URBANA_SIN_EVIDENCIA
07-19-0098-45,SOLOLA,SANTIAGO ATITLAN,"CENTRO EDUCATIVO POR MADUREZ ""NUEVO AMANECER""",CANTÓN PACHICHAJ,URBANA,PRIVADO,URBANA_SIN_EVIDENCIA
07-19-0398-45,SOLOLA,SANTIAGO ATITLAN,IEBC DE ENSEÑANZA,CANTON PACHICHAJ,URBANA,COOPERATIVA,URBANA_SIN_EVIDENCIA
07-19-0557-45,SOLOLA,SANTIAGO ATITLAN,COLEGIO EVANGELICO DE EDUCACION BASICA ALFA Y OMEGA,CANTON PACHICHAJ,URBANA,PRIVADO,URBANA_SIN_EVIDENCIA
07-19-2482-45,SOLOLA,SANTIAGO ATITLAN,LICEO CRISTIANO ISRAELÍ,CANTÓN TZANJUYÚ,URBANA,PRIVADO,URBANA_SIN_EVIDENCIA
07-19-2960-45,SOLOLA,SANTIAGO ATITLAN,COLEGIO CATOLICO DE EDUCACION BASICA P.APLA S STANLEY ROTHER,CANTON XECHIVOY,URBANA,PRIVADO,URBANA_SIN_EVIDENCIA
07-19-3001-45,SOLOLA,SANTIAGO ATITLAN,NUCLEO FAMILIAR EDUCATIVO PARA EL DESARROLLO NUFED N. 34,CANTÓN XECHIVOY,URBANA,OFICIAL,URBANA_SIN_EVIDENCIA
07-01-0059-46,SOLOLA,SOLOLA,"LICEO TECNOLÓGICO BILINGÜE ""CUAUHTEMALLAN DE SOLOLA""","CASERÍO CAYALÁ, ALDEA EL TABLÓN",URBANA,PRIVADO,URBANA_SIN_EVIDENCIA
07-01-0061-46,SOLOLA,SOLOLA,"LICEO TECNOLÓGICO BILINGÜE ""CUAUHTEMALLAN DE SOLOLA""","CASERÍO CAYALÁ, ALDEA EL TABLÓN",URBANA,PRIVADO,URBANA_SIN_EVIDENCIA
07-01-0124-46,SOLOLA,SOLOLA,"LICEO TECNOLÓGICO BILINGÜE ""CUAUHTEMALLAN DE SOLOLÁ""","CASERÍO CAYALÁ, ALDEA EL TABLÓN",URBANA,PRIVADO,URBANA_SIN_EVIDENCIA
07-03-0002-46,SOLOLA,SANTA MARIA VISITACION,INSTITUTO NACIONAL DE EDUCACION DIVERSIFICADA,SECTOR SUR,URBANA,OFICIAL,URBANA_SIN_EVIDENCIA
07-03-0008-46,SOLOLA,SANTA MARIA VISITACION,"""INSTITUTO TÉCNICO CIENTÍFICO INTERCULTURAL -ITECI-""",SANTA MARÍA VISITACIÓN,URBANA,OFICIAL,SIN_TOKENS
07-04-0023-46,SOLOLA,SANTA LUCIA UTATLAN,INSTITUTO NACIONAL DE EDUCACIÓN DIVERSIFICADA,SANTA LUCÍA UTATLÁN,URBANA,OFICIAL,SIN_TOKENS
07-05-2019-46,SOLOLA,NAHUALA,INSTITUTO MIXTO OXLAJUJ NO'J,CASERÍO CHUANAHUALÁ,URBANA,PRIVADO,URBANA_SIN_EVIDENCIA
07-05-2022-46,SOLOLA,NAHUALA,INSTITUTO COMUNITARIO DE CIENCIAS COMERCIALES EL ALTIPLANO,NAHUALA,URBANA,PRIVADO,LONGITUD_INSUFICIENTE
07-06-0099-46,SOLOLA,SANTA CATARINA IXTAHUACAN,INSTITUTO DIVERSIFICADO NORMAL MIXTO POR COOPERATIVA K'AK AQ'AB'AL,ANTIGUA SANTA CATARINA IXTAHUACAN,RURAL,COOPERATIVA,SIN_TOKENS
07-07-0013-46,SOLOLA,SANTA CLARA LA LAGUNA,INSTITUTO NACIONAL DE EDUCACIÓN DIVERSIFICADA,ESCUELA OFICIAL URBANA MIXTA NO. 2,URBANA,OFICIAL,SIN_TOKENS
07-17-2619-46,SOLOLA,SAN JUAN LA LAGUNA,"CENTRO EDUCATIVO INTEGRAL MAYA TZ'UTUJIL ""OSCAR AZMITIA""",CANTÓN PANOXTI,URBANA,PRIVADO,URBANA_SIN_EVIDENCIA
07-18-0017-46,SOLOLA,SAN PEDRO LA LAGUNA,COLEGIO EVANGELICO BILINGUE HOLANDES,SAN PEDRO LA LAGUNA,URBANA,PRIVADO,SIN_TOKENS
07-19-0019-46,SOLOLA,SANTIAGO ATITLAN,INSTITUTO NACIONAL DE EDUCACIÓN DIVERSIFICADA,CANTON PANUL,URBANA,OFICIAL,URBANA_SIN_EVIDENCIA
07-19-0032-46,SOLOLA,SANTIAGO ATITLAN,"INSTITUTO DE EDUCACIÓN DIVERSIFICADA POR COOPERATIVA ATITLAN ""CEDUCA""",CANTÓN XECHIVOY,URBANA,COOPERATIVA,URBANA_SIN_EVIDENCIA
07-19-0034-46,SOLOLA,SANTIAGO ATITLAN,LICEO CRISTIANO ISRAELÍ,CANTÓN TZANJUYÚ,URBANA,PRIVADO,URBANA_SIN_EVIDENCIA
07-19-0051-46,SOLOLA,SANTIAGO ATITLAN,LICEO INTEGRAL SANTIAGUITO -LINSA-,CANTÓN PACHICHAJ,URBANA,PRIVADO,URBANA_SIN_EVIDENCIA
10-01-0071-45,SUCHITEPEQUEZ,MAZATENANGO,INEB ADSCRITO A ESCUELA NACIONAL DE CIENCIAS COMERCIALES,CANTON SANTA CRISTINA,URBANA,OFICIAL,URBANA_SIN_EVIDENCIA
10-01-0083-45,SUCHITEPEQUEZ,MAZATENANGO,INSTITUTO PRIVADO MIXTO TECNOLOGICO DEL SUROCCIDENTE,FINCA CHOJOJA,URBANA,PRIVADO,URBANA_SIN_EVIDENCIA
10-01-0093-45,SUCHITEPEQUEZ,MAZATENANGO,INEB 'RAFAEL LANDIVAR',CANTON SANTA CRISTINA,URBANA,OFICIAL,URBANA_SIN_EVIDENCIA
10-01-0147-45,SUCHITEPEQUEZ,MAZATENANGO,INEB,CANTON SAN BENITO,URBANA,OFICIAL,URBANA_SIN_EVIDENCIA
10-01-0149-45,SUCHITEPEQUEZ,MAZATENANGO,INEB,ALDEA SAN RAFAEL TIERRAS DEL PUEBLO,URBANA,OFICIAL,URBANA_SIN_EVIDENCIA
10-01-0185-45,SUCHITEPEQUEZ,MAZATENANGO,COLEGIO BILINGUE AMERICANO,KM. 1.2 CARRETERA A SAN FRANCISCO ZAPOTITLAN,URBANA,PRIVADO,URBANA_KM_SIN_CONTEXTO
10-01-0290-45,SUCHITEPEQUEZ,MAZATENANGO,COMPLEJO EDUCATIVO BILINGUE DEL SUR OCCIDENTE,FINCA EL DELIRIO KILOMETRO 157 DE LA RUTA CA-2,URBANA,PRIVADO,URBANA_KM_SIN_CONTEXTO
10-01-2532-45,SUCHITEPEQUEZ,MAZATENANGO,INSTITUTO BASICO POR COOPERATIVA,GRANJAS EL COMPROMISO,URBANA,COOPERATIVA,SIN_TOKENS
10-01-2536-45,SUCHITEPEQUEZ,MAZATENANGO,"COLEGIO PRIVADO MIXTO ""NUEVA FAMILIA""",KM. 1 CARRETERA A SAN FRANCISCO ZAPOTITLAN,URBANA,PRIVADO,URBANA_KM_SIN_CONTEXTO
10-01-2669-45,SUCHITEPEQUEZ,MAZATENANGO,NUCLEO FAMILIAR EDUCATIVO PARA EL DESARROLLO NUFED,SALON COMUNAL,RURAL,OFICIAL,SIN_TOKENS
10-02-0029-45,SUCHITEPEQUEZ,CUYOTENANGO,INEB,CANTON PARROQUIA,URBANA,OFICIAL,URBANA_SIN_EVIDENCIA
10-02-0051-45,SUCHITEPEQUEZ,CUYOTENANGO,INSTITUTO TECNOLOGICO CIENTIFICO INDUSTRIAL DE SUCHITEPEQUEZ,KM. 169 CARRETERA AL PACIFICO,URBANA,PRIVADO,URBANA_KM_SIN_CONTEXTO
10-02-0058-45,SUCHITEPEQUEZ,CUYOTENANGO,INSTITUTO TECNOLOGICO CIENTIFICO INDUSTRIAL DE SUCHITEPEQUEZ,KM. 169 CARRETERA AL PACIFICO,URBANA,PRIVADO,URBANA_KM_SIN_CONTEXTO
10-02-0060-45,SUCHITEPEQUEZ,CUYOTENANGO,NUCLEO FAMILIAR EDUCATIVO PARA EL DESARROLLO NUFED NO. 343,LOTIFICACION CAÑAVERALES ACEITUNO,RURAL,OFICIAL,SIN_TOKENS
10-02-0071-45,SUCHITEPEQUEZ,CUYOTENANGO,INSTITUTO TECNOLOGICO CIENTIFICO INDUSTRIAL DE SUCHITEPEQUEZ,KM. 169 CARRETERA AL PACIFICO,URBANA,PRIVADO,URBANA_KM_SIN_CONTEXTO
10-02-0140-45,SUCHITEPEQUEZ,CUYOTENANGO,IEBC,"CAMPO DE LA FERIA, CANTÓN SANTA TERESA",URBANA,COOPERATIVA,URBANA_SIN_EVIDENCIA
10-02-2254-45,SUCHITEPEQUEZ,CUYOTENANGO,INEB DE TELESECUNDARIA,LOTIFICACION SICAN,RURAL,OFICIAL,SIN_TOKENS
10-02-2608-45,SUCHITEPEQUEZ,CUYOTENANGO,INSTITUTO TECNOLOGICO CIENTIFICO INDUSTRIAL DE SUCHITEPEQUEZ,KM. 169 CARRETERA AL PACIFICO,URBANA,PRIVADO,URBANA_KM_SIN_CONTEXTO
10-04-0016-45,SUCHITEPEQUEZ,SAN BERNARDINO,"COLEGIO PRIVADO MIXTO ""CIENCIA Y TECNOLOGIA""",CANTON LAS FLORES,URBANA,PRIVADO,URBANA_SIN_EVIDENCIA
10-04-0017-45,SUCHITEPEQUEZ,SAN BERNARDINO,"COLEGIO PRIVADO MIXTO ""CIENCIA Y TECNOLOGIA""",CANTON LAS FLORES,URBANA,PRIVADO,URBANA_SIN_EVIDENCIA
10-04-0020-45,SUCHITEPEQUEZ,SAN BERNARDINO,"COLEGIO PRIVADO MIXTO ""CIENCIA Y TECNOLOGIA""",CANTON LAS FLORES,URBANA,PRIVADO,URBANA_SIN_EVIDENCIA
10-04-0159-45,SUCHITEPEQUEZ,SAN BERNARDINO,INSTITUTO DE EDUCACION BASICA POR COOPERATIVA,CANTON LAS FLORES,URBANA,COOPERATIVA,URBANA_SIN_EVIDENCIA
10-04-2049-45,SUCHITEPEQUEZ,SAN BERNARDINO,COLEGIO PRIVADO MIXTO SANTA ELENA,CANTON EL JARDIN,URBANA,PRIVADO,URBANA_SIN_EVIDENCIA
10-05-0013-45,SUCHITEPEQUEZ,SAN JOSE EL IDOLO,INEB,SAN JOSE EL IDOLO,URBANA,OFICIAL,SIN_TOKENS
10-05-0014-45,SUCHITEPEQUEZ,SAN JOSE EL IDOLO,INEB DE TELESECUNDARIA,LABOR LA AURORA,RURAL,OFICIAL,SIN_TOKENS
10-05-0170-45,SUCHITEPEQUEZ,SAN JOSE EL IDOLO,IEBC,NAN,URBANA,COOPERATIVA,LONGITUD_INSUFICIENTE
10-06-0014-45,SUCHITEPEQUEZ,SANTO DOMINGO SUCHITEPEQUEZ,INEB,SANTO DOMINGO SUCHITEPEQUEZ,URBANA,OFICIAL,SIN_TOKENS
10-06-0015-45,SUCHITEPEQUEZ,SANTO DOMINGO SUCHITEPEQUEZ,INEB,ALDEA BOLIVIA SANTO DOMINGO SUCHITEPEQUEZ,URBANA,OFICIAL,URBANA_SIN_EVIDENCIA
10-07-0005-45,SUCHITEPEQUEZ,SAN LORENZO,INEB,SAN LORENZO SUCHITEPEQUEZ,URBANA,OFICIAL,SIN_TOKENS
10-07-0008-45,SUCHITEPEQUEZ,SAN LORENZO,"COLEGIO PRIVADO MIXTO ""LICEO LORENZANO""",SAN LORENZO,URBANA,PRIVADO,SIN_TOKENS
10-07-0213-45,SUCHITEPEQUEZ,SAN LORENZO,INSTITUTO DE EDUCACION BASICA POR COOPERATIVA,A UN COSTADO DEL CAMPO DE FUTBOL,URBANA,COOPERATIVA,SIN_TOKENS
10-07-2476-45,SUCHITEPEQUEZ,SAN LORENZO,COLEGIO PRIVADO MIXTO 'LICEO LORENZANO' (POR MADUREZ),MUNICIPIO DE SAN LORENZO,URBANA,PRIVADO,SIN_TOKENS
10-07-2477-45,SUCHITEPEQUEZ,SAN LORENZO,COLEGIO PRIVADO MIXTO 'LICEO LORENZANO',MUNICIPIO DE SAN LORENZO,URBANA,PRIVADO,SIN_TOKENS
10-08-0012-45,SUCHITEPEQUEZ,SAMAYAC,INEB,"CANTON SANTO DOMINGO, SAMAYAC, SUCHITEPEQUEZ",URBANA,OFICIAL,URBANA_SIN_EVIDENCIA
10-08-0027-45,SUCHITEPEQUEZ,SAMAYAC,INSTITUTO DE EDUCACION AVANZADA,CANTON CALVARIO,URBANA,PRIVADO,URBANA_SIN_EVIDENCIA
10-08-0028-45,SUCHITEPEQUEZ,SAMAYAC,"INSTITUTO PRIVADO MIXTO ""CONCEPCION""","CANTON COCCEPCION, SECTOR LA MANCHURIA",URBANA,PRIVADO,URBANA_SIN_EVIDENCIA
10-08-1958-45,SUCHITEPEQUEZ,SAMAYAC,INSTITUTO DE EDUCACION AVANZADA,CANTON CALVARIO,URBANA,PRIVADO,URBANA_SIN_EVIDENCIA
10-08-2029-45,SUCHITEPEQUEZ,SAMAYAC,INSTITUTO DE EDUCACION BASICA POR COOPERATIVA,CANTON SAN FRANCISCO PUMA NIMA,URBANA,COOPERATIVA,URBANA_SIN_EVIDENCIA
10-08-2545-45,SUCHITEPEQUEZ,SAMAYAC,INSTITUTO DE EDUCACION AVANZADA,CANTON CALVARIO,URBANA,PRIVADO,URBANA_SIN_EVIDENCIA
10-09-0008-45,SUCHITEPEQUEZ,SAN PABLO JOCOPILAS,INEB,"INEBO DE SAN PABLO JOCOPILAS, SUCHITEPEQUEZ",URBANA,OFICIAL,SIN_TOKENS
10-10-1793-45,SUCHITEPEQUEZ,SAN ANTONIO SUCHITEPEQUEZ,IEBC,ALDEA TONQUIN II,URBANA,COOPERATIVA,URBANA_SIN_EVIDENCIA
10-12-0003-45,SUCHITEPEQUEZ,SAN GABRIEL,"COLEGIO PRIVADO MIXTO ""INNOVACION EDUCATIVA""",SAN GABRIEL,URBANA,PRIVADO,SIN_TOKENS
10-12-0004-45,SUCHITEPEQUEZ,SAN GABRIEL,INEB,SAN GABRIEL SUCHITEPEQUEZ,URBANA,OFICIAL,SIN_TOKENS
10-12-0011-45,SUCHITEPEQUEZ,SAN GABRIEL,COLEGIO PRIVADO MIXTO INNOVACION EDUCATIVA,SAN GABRIEL,URBANA,PRIVADO,SIN_TOKENS
10-12-0017-45,SUCHITEPEQUEZ,SAN GABRIEL,"COLEGIO PRIVADO MIXTO ""INNOVACION EDUCATIVA""",.,URBANA,PRIVADO,LONGITUD_INSUFICIENTE
10-13-0001-45,SUCHITEPEQUEZ,CHICACAO,"INSTITUTO PRIVADO MIXTO DE EDUCACIÓN BASICA ""EL RECUERDO""","LOTIFICACIÓN ""EL RECUERDO""",RURAL,PRIVADO,SIN_TOKENS
10-13-0014-45,SUCHITEPEQUEZ,CHICACAO,INEB,ALDEA SAN PEDRO CUTZAN,URBANA,OFICIAL,URBANA_SIN_EVIDENCIA
10-13-0037-45,SUCHITEPEQUEZ,CHICACAO,INEB DE TELESECUNDARIA,HACIENDA MARIA DEL MAR,RURAL,OFICIAL,SIN_TOKENS
10-14-0063-45,SUCHITEPEQUEZ,PATULUL,COLEGIO MUNDO DE JUGUETES,"CANTON LA PAZ, RANCHO LOS OLIVOS, CARRETERA A COCALES",URBANA,PRIVADO,URBANA_SIN_EVIDENCIA
10-14-0064-45,SUCHITEPEQUEZ,PATULUL,COLEGIO MUNDO DE JUGUETES,"CANTON LA PAZ, RANCHO LOS OLIVOS, CARRETERA A COCALES",URBANA,PRIVADO,URBANA_SIN_EVIDENCIA
10-14-0065-45,SUCHITEPEQUEZ,PATULUL,COLEGIO MUNDO DE JUGUETES,"CANTON LA PAZ, RANCHO LOS OLIVOS, CARRETERA A COCALES",URBANA,PRIVADO,URBANA_SIN_EVIDENCIA
10-14-0084-45,SUCHITEPEQUEZ,PATULUL,COLEGIO MUNDO DE JUGUETES,"RANCHO LOS OLIVOS, CANTON LA PAZ CARRETERA A COCALES",URBANA,PRIVADO,URBANA_SIN_EVIDENCIA
10-14-2377-45,SUCHITEPEQUEZ,PATULUL,INSTITUTO DE EDUCACION BASICA POR COOPERATIVA,BARRIO LA PAZ II,RURAL,COOPERATIVA,RURAL_SOLO_TOKENS_URBANOS
10-14-2460-45,SUCHITEPEQUEZ,PATULUL,"INSTITUTO DE EDUCACION BASICA POR COOPERATIVA ""LIC. OSCAR BERGER""",BARRIO SAN RUFINO,RURAL,COOPERATIVA,RURAL_SOLO_TOKENS_URBANOS
10-15-0023-45,SUCHITEPEQUEZ,SANTA BARBARA,INEB DE TELESECUNDARIA,COLONIA EL GUAYABAL,RURAL,OFICIAL,RURAL_SOLO_TOKENS_URBANOS
10-19-2683-45,SUCHITEPEQUEZ,PUEBLO NUEVO,"COLEGIO EVANGELICO PRIVADO MIXTO ""NUEVA VISIÓN""",SECTOR EL REBALSE,URBANA,PRIVADO,URBANA_SIN_EVIDENCIA
10-20-0037-45,SUCHITEPEQUEZ,RIO BRAVO,COLEGIO SANTA CECILIA,.,URBANA,PRIVADO,LONGITUD_INSUFICIENTE
10-21-0035-45,SUCHITEPEQUEZ,SAN JOSE LA MAQUINA,INEB DE TELESECUNDARIA,LINEA A-9,RURAL,OFICIAL,LONGITUD_INSUFICIENTE
10-21-0038-45,SUCHITEPEQUEZ,SAN JOSE LA MAQUINA,INEB DE TELESECUNDARIA,LINEA B-6 EJE CENTRAL,RURAL,OFICIAL,SIN_TOKENS
10-21-0039-45,SUCHITEPEQUEZ,SAN JOSE LA MAQUINA,COLEGIO CATOLICO PRIVADO SAN JOSE,LOTE NO. 114,URBANA,PRIVADO,URBANA_SIN_EVIDENCIA
10-21-0052-45,SUCHITEPEQUEZ,SAN JOSE LA MAQUINA,INSTITUTO DE EDUCACION BASICA POR COOPERATIVA,LINEA A-7,RURAL,COOPERATIVA,LONGITUD_INSUFICIENTE
10-21-0054-45,SUCHITEPEQUEZ,SAN JOSE LA MAQUINA,INSTITUTO DE EDUCACION BASICA POR COOPERATIVA,FRENTE A CORREOS,RURAL,COOPERATIVA,SIN_TOKENS
10-21-0056-45,SUCHITEPEQUEZ,SAN JOSE LA MAQUINA,INSTITUTO DE EDUCACIÓN BASICA POR COOPERATIVA,LINEA B-10,RURAL,COOPERATIVA,SIN_TOKENS
10-21-0061-45,SUCHITEPEQUEZ,SAN JOSE LA MAQUINA,COLEGIO PRIVADO MIXTO SUPERACION,LOTE NO. 44,URBANA,PRIVADO,URBANA_SIN_EVIDENCIA
10-21-0088-45,SUCHITEPEQUEZ,SAN JOSE LA MAQUINA,INEB DE TELESECUNDARIA,LINEA B-16,RURAL,OFICIAL,SIN_TOKENS
10-21-0096-45,SUCHITEPEQUEZ,SAN JOSE LA MAQUINA,"COLEGIO PRIVADO MIXTO ""SUPERACION""",LOTE NO. 44,URBANA,PRIVADO,URBANA_SIN_EVIDENCIA
10-01-0083-46,SUCHITEPEQUEZ,MAZATENANGO,INSTITUTO PRIVADO MIXTO TECNOLOGICO DEL SUROCCIDENTE,FINCA CHOJOJA,URBANA,PRIVADO,URBANA_SIN_EVIDENCIA
10-01-0143-46,SUCHITEPEQUEZ,MAZATENANGO,"COLEGIO PRIVADO MIXTO ""NUEVA FAMILIA""",KM 1 CARRETERA A SAN FRANCISCO ZAPOTITLAN,URBANA,PRIVADO,URBANA_KM_SIN_CONTEXTO
10-01-0150-46,SUCHITEPEQUEZ,MAZATENANGO,INSTITUTO NACIONAL DE EDUCACION DIVERSIFICADA MAZATENANGO,CANTON SANTA CRISTINA,URBANA,OFICIAL,URBANA_SIN_EVIDENCIA
10-01-0186-46,SUCHITEPEQUEZ,MAZATENANGO,COLEGIO BILINGUE AMERICANO,KM. 1.2 CARRETERA A SAN FRANCISCO ZAPOTITLAN,URBANA,PRIVADO,URBANA_KM_SIN_CONTEXTO
10-01-0314-46,SUCHITEPEQUEZ,MAZATENANGO,COMPLEJO EDUCATIVO BILINGÜE DEL SUR OCCIDENTE,FINCA EL DELIRIO KILOMETRO 157 DE LA RUTA CA-2,URBANA,PRIVADO,URBANA_KM_SIN_CONTEXTO
10-01-0322-46,SUCHITEPEQUEZ,MAZATENANGO,COLEGIO BILINGUE AMERICANO,KM. 1.2 CARRETERA A SAN FRANCISCO ZAPOTITLAN,URBANA,PRIVADO,URBANA_KM_SIN_CONTEXTO
10-01-0339-46,SUCHITEPEQUEZ,MAZATENANGO,INSTITUTO TÉCNICO DE CAPACITACIÓN Y PRODUCTIVIDAD INTECAP,KM. 163 RUTA CA-02 OCCIDENTE-B,URBANA,PRIVADO,URBANA_KM_SIN_CONTEXTO
10-01-0912-46,SUCHITEPEQUEZ,MAZATENANGO,INSTITUTO NORMAL RAFAEL LANDIVAR,CANTON SANTA CRISTINA,URBANA,OFICIAL,URBANA_SIN_EVIDENCIA
10-02-0031-46,SUCHITEPEQUEZ,CUYOTENANGO,INSTITUTO NACIONAL DE EDUCACION DIVERSIFICADA CUYOTENANGO,CANTON PARROQUIA,URBANA,OFICIAL,URBANA_SIN_EVIDENCIA
10-02-0052-46,SUCHITEPEQUEZ,CUYOTENANGO,INSTITUTO TECNOLOGICO CIENTIFICO INDUSTRIAL DE SUCHITEPEQUEZ,KM. 169 CARRETERA AL PACIFICO,URBANA,PRIVADO,URBANA_KM_SIN_CONTEXTO
10-02-0053-46,SUCHITEPEQUEZ,CUYOTENANGO,INSTITUTO TECNOLOGICO CIENTIFICO INDUSTRIAL DE SUCHITEPEQUEZ,KM. 169 CARRETERA AL PACIFICO,URBANA,PRIVADO,URBANA_KM_SIN_CONTEXTO
10-02-0056-46,SUCHITEPEQUEZ,CUYOTENANGO,INSTITUTO TECNOLOGICO CIENTIFICO INDUSTRIAL DE SUCHITEPEQUEZ,KM. 169 CARRETERA AL PACIFICO,URBANA,PRIVADO,URBANA_KM_SIN_CONTEXTO
10-02-0057-46,SUCHITEPEQUEZ,CUYOTENANGO,INSTITUTO TECNOLOGICO CIENTIFICO INDUSTRIAL DE SUCHITEPEQUEZ,KM. 169 CARRETERA AL PACIFICO,URBANA,PRIVADO,URBANA_KM_SIN_CONTEXTO
10-02-0074-46,SUCHITEPEQUEZ,CUYOTENANGO,INSTITUTO TECNOLOGICO CIENTIFICO INDUSTRIAL DE SUCHITEPEQUEZ,KM. 169 CARRETERA AL PACIFICO,URBANA,PRIVADO,URBANA_KM_SIN_CONTEXTO
10-02-2325-46,SUCHITEPEQUEZ,CUYOTENANGO,INSTITUTO TECNOLOGICO CIENTIFICO INDUSTRIAL DE SUCHITEPEQUEZ,KM.169 CARRETERA AL PACIFICO,URBANA,PRIVADO,URBANA_KM_SIN_CONTEXTO
10-03-0020-46,SUCHITEPEQUEZ,SAN FRANCISCO ZAPOTITLAN,ESCUELA PRIVADA DE CAFICULTURA LAS NUBES,FINCA LAS NUBES SAN FRANCISCO ZAPOTITLÁN SUCHITEPEQUEZ,URBANA,PRIVADO,URBANA_SIN_EVIDENCIA
10-03-0031-46,SUCHITEPEQUEZ,SAN FRANCISCO ZAPOTITLAN,COLEGIO EL TRIUNFO,SAN FRANCISCO ZAPOTITLAN,URBANA,PRIVADO,SIN_TOKENS
10-04-0018-46,SUCHITEPEQUEZ,SAN BERNARDINO,"COLEGIO PRIVADO MIXTO ""CIENCIA Y TECNOLOGIA""",CANTON LAS FLORES,URBANA,PRIVADO,URBANA_SIN_EVIDENCIA
10-04-0019-46,SUCHITEPEQUEZ,SAN BERNARDINO,"COLEGIO PRIVADO MIXTO ""CIENCIA Y TECNOLOGIA""",CANTON LAS FLORES,URBANA,PRIVADO,URBANA_SIN_EVIDENCIA
10-04-0021-46,SUCHITEPEQUEZ,SAN BERNARDINO,"COLEGIO PRIVADO MIXTO ""CIENCIA Y TECNOLOGIA""",CANTON LAS FLORES,URBANA,PRIVADO,URBANA_SIN_EVIDENCIA
10-06-0016-46,SUCHITEPEQUEZ,SANTO DOMINGO SUCHITEPEQUEZ,INSTITUTO NACIONAL DE EDUCACION DIVERSIFICADA SANTO DOMINGO,SANTO DOMINGO SUCHIPEQUEZ,URBANA,OFICIAL,SIN_TOKENS
10-06-0024-46,SUCHITEPEQUEZ,SANTO DOMINGO SUCHITEPEQUEZ,INSTITUTO NACIONAL DE EDUCACION DIVERSIFICADA,COMUNIDAD LA GUADALUPE,URBANA,OFICIAL,URBANA_SIN_EVIDENCIA
10-06-2286-46,SUCHITEPEQUEZ,SANTO DOMINGO SUCHITEPEQUEZ,COLEGIO PRIVADO MIXTO DE DIVERSIFICADO SHALEM,ENTRADA CANTON TARACENA,URBANA,PRIVADO,URBANA_SIN_EVIDENCIA
10-07-0009-46,SUCHITEPEQUEZ,SAN LORENZO,"COLEGIO PRIVADO MIXTO ""LICEO LORENZANO""",SAN LORENZO,URBANA,PRIVADO,SIN_TOKENS
10-07-2509-46,SUCHITEPEQUEZ,SAN LORENZO,COLEGIO PRIVADO MIXTO LICEO LORENZANO,FRENTE A LA IGLESIA CATOLICA,URBANA,PRIVADO,SIN_TOKENS
10-08-0029-46,SUCHITEPEQUEZ,SAMAYAC,INSTITUTO DE EDUCACION AVANZADA,CANTON CALVARIO,URBANA,PRIVADO,URBANA_SIN_EVIDENCIA
10-08-0031-46,SUCHITEPEQUEZ,SAMAYAC,"INSTITUTO PRIVADO MIXTO ""CONCEPCION""","CANTON COCCEPCION, SECTOR LA MANCHURIA",URBANA,PRIVADO,URBANA_SIN_EVIDENCIA
10-08-1959-46,SUCHITEPEQUEZ,SAMAYAC,INSTITUTO DE EDUCACION AVANZADA,CANTON CALVARIO,URBANA,PRIVADO,URBANA_SIN_EVIDENCIA
10-08-2508-46,SUCHITEPEQUEZ,SAMAYAC,INSTITUTO DE EDUCACION AVANZADA,CANTON CALVARIO,URBANA,PRIVADO,URBANA_SIN_EVIDENCIA
10-10-0102-46,SUCHITEPEQUEZ,SAN ANTONIO SUCHITEPEQUEZ,INSTITUTO DE COMPUTACIÓN INFORMÁTICA,CAERIO SANTA RITA PACHIPA,RURAL,PRIVADO,SIN_TOKENS
10-12-0007-46,SUCHITEPEQUEZ,SAN GABRIEL,COLEGIO PRIVADO MIXTO INNOVACION EDUCATIVA,SAN GABRIEL,URBANA,PRIVADO,SIN_TOKENS
10-12-0008-46,SUCHITEPEQUEZ,SAN GABRIEL,COLEGIO PRIVADO MIXTO INNOVACION EDUCATIVA,SAN GABRIEL,URBANA,PRIVADO,SIN_TOKENS
10-12-0009-46,SUCHITEPEQUEZ,SAN GABRIEL,COLEGIO PRIVADO MIXTO INNOVACION EDUCATIVA,SAN GABRIEL,URBANA,PRIVADO,SIN_TOKENS
10-12-0010-46,SUCHITEPEQUEZ,SAN GABRIEL,COLEGIO PRIVADO MIXTO INNOVACION EDUCATIVA,SAN GABRIEL,URBANA,PRIVADO,SIN_TOKENS
10-12-0016-46,SUCHITEPEQUEZ,SAN GABRIEL,INSTITUTO PRIVADO DEL SUR,"KM. 165, CINTA ASFALTICA",URBANA,PRIVADO,URBANA_KM_SIN_CONTEXTO
10-12-0018-46,SUCHITEPEQUEZ,SAN GABRIEL,"COLEGIO PRIVADO MIXTO ""INNOVACION EDUCATIVA""",.,URBANA,PRIVADO,LONGITUD_INSUFICIENTE
10-14-0066-46,SUCHITEPEQUEZ,PATULUL,COLEGIO MUNDO DE JUGUETES,"CANTON LA PAZ, RANCHO LOS OLIVOS, CARRETERA A COCALES",URBANA,PRIVADO,URBANA_SIN_EVIDENCIA
10-14-0067-46,SUCHITEPEQUEZ,PATULUL,COLEGIO MUNDO DE JUGUETES,"CANTON LA PAZ, RANCHO LOS OLIVOS, CARRETERA A COCALES",URBANA,PRIVADO,URBANA_SIN_EVIDENCIA
10-19-0014-46,SUCHITEPEQUEZ,PUEBLO NUEVO,COLEGIO EVANGELICO PRIVADO MIXTO NUEVA VISION,SECTOR EL REBALSE PUEBLO NUEVO SUCHITEPEQUEZ,URBANA,PRIVADO,URBANA_SIN_EVIDENCIA
10-21-0080-46,SUCHITEPEQUEZ,SAN JOSE LA MAQUINA,"COLEGIO EVANGELICO PRIVADO MIXTO ""EBEN-EZER""",LOTE # 226,URBANA,PRIVADO,URBANA_SIN_EVIDENCIA
10-21-0084-46,SUCHITEPEQUEZ,SAN JOSE LA MAQUINA,COLEGIO CATOLICO PRIVADO SAN JOSE,LOTE NO. 114,URBANA,PRIVADO,URBANA_SIN_EVIDENCIA
10-21-0085-46,SUCHITEPEQUEZ,SAN JOSE LA MAQUINA,"COLEGIO PRIVADO MIXTO ""SUPERACION""",LOTE NO. 44,URBANA,PRIVADO,URBANA_SIN_EVIDENCIA
10-21-0086-46,SUCHITEPEQUEZ,SAN JOSE LA MAQUINA,"COLEGIO EVANGELICO PRIVADO MIXTO ""EBEN EZER""",LOTE # 226,URBANA,PRIVADO,URBANA_SIN_EVIDENCIA
10-21-0087-46,SUCHITEPEQUEZ,SAN JOSE LA MAQUINA,"COLEGIO PRIVADO MIXTO ""SUPERACION""",LOTE NO. 44,URBANA,PRIVADO,URBANA_SIN_EVIDENCIA
10-21-0089-46,SUCHITEPEQUEZ,SAN JOSE LA MAQUINA,"COLEGIO EVANGELICO PRIVADO MIXTO ""EBEN EZER""",LOTE # 226,URBANA,PRIVADO,URBANA_SIN_EVIDENCIA
10-21-0090-46,SUCHITEPEQUEZ,SAN JOSE LA MAQUINA,INSTITUTO NACIONAL DE EDUCACIÓN DIVERSIFICADA,LINEA B-16,RURAL,OFICIAL,SIN_TOKENS
10-21-0093-46,SUCHITEPEQUEZ,SAN JOSE LA MAQUINA,COLEGIO PRIVADO MIXTO SUPERACION,LOTE NO. 44,URBANA,PRIVADO,URBANA_SIN_EVIDENCIA
10-21-0097-46,SUCHITEPEQUEZ,SAN JOSE LA MAQUINA,COLEGIO PRIVADO MIXTO SUPERACION,LOTE NO. 44,URBANA,PRIVADO,URBANA_SIN_EVIDENCIA
08-01-0239-45,TOTONICAPAN,TOTONICAPAN,COLEGIO ADVENTISTA MARANATHA,4TA. CALLE 0-10 DE LA ZONA 2,RURAL,PRIVADO,RURAL_CON_ZONA_NUM
08-05-0094-45,TOTONICAPAN,MOMOSTENANGO,INEB,2DA AVENIDA 4-97 ZONA 1 BARRIO SANTA ANA,RURAL,OFICIAL,RURAL_CON_ZONA_NUM
08-06-0031-45,TOTONICAPAN,SANTA MARIA CHIQUIMULA,INEB,CANTON CENTRO,URBANA,OFICIAL,URBANA_SIN_EVIDENCIA
08-06-0063-45,TOTONICAPAN,SANTA MARIA CHIQUIMULA,INSTITUTO DE EDUCACION BASICA CON ORIENTACION OCUPACIONAL FE Y ALEGRIA NO. 49,CENTRO DE SANTA MARIA CHIQUIMULA,URBANA,PRIVADO,SIN_TOKENS
08-06-0123-45,TOTONICAPAN,SANTA MARIA CHIQUIMULA,ASOCIACIÓN PARA LA CULTURA Y EL DESARROLLO -ACUDE-,"SEGUNDO NIVEL, EDIFICIO MUNICIPAL SANTA MARÍA CHIQUIMULA",RURAL,PRIVADO,RURAL_SOLO_TOKENS_URBANOS
08-06-0477-45,TOTONICAPAN,SANTA MARIA CHIQUIMULA,IEBC INSTITUTO DE EDUCACION BASICA POR COOPERATIVA,SANTA MARIA CHIQUIMULA,URBANA,COOPERATIVA,SIN_TOKENS
08-06-2520-45,TOTONICAPAN,SANTA MARIA CHIQUIMULA,NUCLEO FAMILIAR EDUCATIVO PARA EL DESARROLLO -NUFED-,BARRIO CHUISACTOL,RURAL,OFICIAL,RURAL_SOLO_TOKENS_URBANOS
08-07-0024-45,TOTONICAPAN,SANTA LUCIA LA REFORMA,INEB,CENTRO DE LA POBLACION,URBANA,OFICIAL,SIN_TOKENS
08-07-0091-45,TOTONICAPAN,SANTA LUCIA LA REFORMA,"CENTRO DE EDUCACIÓN EXTRAESCOLAR, FUNDACIÓN ""FE Y ALEGRIA""",COLONIA LA ESPERANZA.,RURAL,PRIVADO,RURAL_SOLO_TOKENS_URBANOS
08-01-0238-46,TOTONICAPAN,TOTONICAPAN,COLEGIO ADVENTISTA MARANATHA,4TA. CALLE 0-10 DE LA ZONA 2,RURAL,PRIVADO,RURAL_CON_ZONA_NUM
08-06-0073-46,TOTONICAPAN,SANTA MARIA CHIQUIMULA,CENTRO EDUCATIVO FE Y ALEGRIA NO 49,"CANTÓN CENTRO, SALIDA A SANTA LUCIA LA REFORMA",URBANA,PRIVADO,URBANA_SIN_EVIDENCIA
19-01-0120-45,ZACAPA,ZACAPA,INEB DE TELESECUNDARIA,1A. CALLE COLONIA PUEBLO MODELO,RURAL,OFICIAL,RURAL_SOLO_TOKENS_URBANOS
19-01-0189-45,ZACAPA,ZACAPA,"COLEGIO ""HIGA""",BOSQUES DE SAN JULIÁN ZACAPA,URBANA,PRIVADO,SIN_TOKENS
19-01-0191-45,ZACAPA,ZACAPA,"COLEGIO ""HIGA""",BOSQUES DE SAN JULIÁN ZACAPA,URBANA,PRIVADO,SIN_TOKENS
19-01-0210-45,ZACAPA,ZACAPA,"COLEGIO ""HIGA""","BOSQUES DE SAN JULIAN, ZACAPA",URBANA,PRIVADO,SIN_TOKENS
19-03-1058-45,ZACAPA,RIO HONDO,INSTITUTO NACIONAL DE EDUCACION BASICA,FINCA EL JOBO,URBANA,OFICIAL,URBANA_SIN_EVIDENCIA
19-04-0074-45,ZACAPA,GUALAN,INEB DE TELESECUNDARIA,LOTIFICACIÓN MUNICIPAL LOS LIMONES,RURAL,OFICIAL,SIN_TOKENS
19-05-0037-45,ZACAPA,TECULUTAN,GETHSEMANE COLLEGE,"SECTOR CARLOS CHACÓN, CASERÍO PUERTA DE GOLPE",URBANA,PRIVADO,URBANA_SIN_EVIDENCIA
19-05-0214-45,ZACAPA,TECULUTAN,"COLEGIO MIXTO ""SAN JOSE""",KM. 122 CARRETERA AL ATLANTICO,URBANA,PRIVADO,URBANA_KM_SIN_CONTEXTO
19-05-0810-45,ZACAPA,TECULUTAN,"COLEGIO EVANGÉLICO MIXTO BILINGÜE ""MONTE SIÓN""",LOTIFICACION LA MAQUINA,URBANA,PRIVADO,SIN_TOKENS
19-06-1057-45,ZACAPA,USUMATLAN,INEB,USUMATLAN,URBANA,OFICIAL,LONGITUD_INSUFICIENTE
19-08-0002-45,ZACAPA,SAN DIEGO,INEB,BARRIO LAS MARIAS,RURAL,OFICIAL,RURAL_SOLO_TOKENS_URBANOS
19-01-0192-46,ZACAPA,ZACAPA,"COLEGIO ""HIGA""",BOSQUES DE SAN JULIÁN ZACAPA,URBANA,PRIVADO,SIN_TOKENS
19-01-0194-46,ZACAPA,ZACAPA,"COLEGIO ""HIGA""",BOSQUES DE SAN JULIÁN ZACAPA,URBANA,PRIVADO,SIN_TOKENS
19-01-0206-46,ZACAPA,ZACAPA,CENTRO DE EDUCACIÓN EXTRAESCOLAR -CEEX-DEPARTAMENTAL,3RA. CALE ENTRE 14 Y 15 AVENIDA ZONA 1 ZACAPA,RURAL,OFICIAL,RURAL_CON_ZONA_NUM
19-01-0211-46,ZACAPA,ZACAPA,"COLEGIO ""HIGA""",BOSQUES DE SAN JULIAN,URBANA,PRIVADO,SIN_TOKENS
19-01-0352-46,ZACAPA,ZACAPA,ESCUELA NORMAL DEL NORORIENTE PARA EL DESARROLLO AMBIENTAL,KILOMETRO 2.5 CARRETERA A ALDEA MANZANOTES,URBANA,OFICIAL,URBANA_KM_SIN_CONTEXTO
19-05-0038-46,ZACAPA,TECULUTAN,GETHSEMANE COLLEGE,"SECTOR CARLOS CHACÓN, CASERÍO PUERTA DE GOLPE",URBANA,PRIVADO,URBANA_SIN_EVIDENCIA
19-05-1080-46,ZACAPA,TECULUTAN,"COLEGIO EVANGELICO MIXTO BILINGÜE ""MONTE SION""",LOTIFICACION LA MAQUINA,URBANA,PRIVADO,SIN_TOKENS
19-06-0008-46,ZACAPA,USUMATLAN,"INSTITUTO NACIONAL DE EDUCACION DIVERSIFICADA, INED",USUMATLAN,RURAL,OFICIAL,LONGITUD_INSUFICIENTE
